full_name,fantasy_position,career_seasons,career_games_played,career_games_pct,games_played_2025,seasons_under_12
A.J. Brown,WR,7,105,0.8974,15,0
A.J. Green,WR,4,45,0.6923,,3
A.T. Perry,WR,1,10,0.5882,,1
AJ Barner,TE,2,34,1.0,17,0
AJ Dillon,RB,4,56,0.8235,7,1
AJ McCarron,QB,1,2,0.1176,,1
ARI Defense,DEF,4,66,0.9706,17,0
ATL Defense,DEF,4,65,0.9559,17,0
Aaron Jones,RB,8,114,0.8571,12,1
Aaron Rodgers,QB,10,138,0.8364,16,2
Aaron Shampklin,RB,1,3,0.1765,,1
Adam Humphries,WR,1,16,1.0,,0
Adam Thielen,WR,9,136,0.9128,16,1
Adam Trautman,TE,4,62,0.9118,17,1
Adonai Mitchell,WR,2,33,0.9706,16,0
Adrian Martinez,QB,1,1,0.0588,1,1
Adrian Peterson,RB,3,47,0.9792,,0
Aidan O'Connell,QB,3,21,0.4118,1,3
Ainias Smith,WR,1,7,0.4118,,1
Albert Okwuegbunam,TE,3,9,0.1765,1,3
Alec Pierce,WR,4,60,0.8824,15,0
Alex Bachman,WR,2,18,0.5294,12,1
Alex Collins,RB,1,15,0.9375,,0
Alex Erickson,WR,2,11,0.3235,,2
Alex Smith,QB,3,40,0.8333,,1
Alexander Mattison,RB,3,46,0.902,,0
Allen Lazard,WR,4,51,0.75,10,1
Allen Robinson,WR,6,87,0.8788,,1
Alshon Jeffery,WR,2,29,0.9062,,0
Alvin Kamara,RB,9,126,0.8456,11,1
Amar Johnson,RB,1,2,0.1176,2,1
Amari Cooper,WR,9,138,0.9324,,0
Amari Rodgers,WR,2,11,0.3235,,2
Ameer Abdullah,RB,4,58,0.8529,13,0
Amon-Ra St. Brown,WR,5,83,0.9765,17,0
Anders Carlson,K,2,24,0.7059,,1
Andre Baccellia,WR,3,15,0.2941,5,3
Andre Szmyt,K,1,17,1.0,17,0
Andrei Iosivas,WR,3,50,0.9804,17,0
Andrew Beck,RB,4,40,0.5882,17,2
Andrew Luck,QB,2,31,0.9688,,0
Andy Borregales,K,1,17,1.0,17,0
Andy Dalton,QB,9,94,0.6351,4,5
Andy Isabella,WR,2,5,0.1471,,2
Anquan Boldin,WR,1,16,1.0,,0
Anthony Brown,QB,1,2,0.1176,,1
Anthony Firkser,TE,4,23,0.3382,7,4
Anthony Gould,WR,2,19,0.5588,11,2
Anthony McFarland,RB,2,4,0.1176,,2
Anthony Miller,WR,1,2,0.1176,,1
Anthony Richardson,QB,3,17,0.3333,2,3
Anthony Schwartz,WR,1,4,0.2353,,1
Antoine Green,WR,1,9,0.5294,,1
Antonio Brown,WR,3,44,0.9167,,0
Antonio Gates,TE,1,14,0.875,,0
Antonio Gibson,RB,6,83,0.8218,5,1
Arian Smith,WR,1,16,0.9412,16,0
Armani Rogers,TE,1,5,0.2941,,1
Ashton Dulin,WR,3,34,0.6667,12,1
Ashton Jeanty,RB,1,17,1.0,17,0
Audric Estime,RB,2,20,0.5882,7,1
Austin Ekeler,RB,7,91,0.7778,2,1
Austin Hooper,TE,6,96,0.96,16,0
Austin Seibert,K,3,13,0.2549,,3
Austin Trammell,WR,4,25,0.3676,6,3
Avery Williams,RB,3,32,0.6275,1,1
BAL Defense,DEF,4,68,1.0,17,0
BUF Defense,DEF,4,68,1.0,17,0
Bailey Zappe,QB,3,15,0.2941,,3
Baker Mayfield,QB,8,123,0.9248,17,0
Baylor Cupp,TE,1,1,0.0588,,1
Beaux Collins,WR,1,9,0.5294,9,1
Ben Ellefson,TE,1,2,0.1176,,1
Ben Roethlisberger,QB,5,76,0.9383,,0
Ben Sauls,K,1,3,0.1765,3,1
Ben Sims,TE,3,45,0.8824,11,1
Ben Sinnott,TE,2,33,0.9706,16,0
Ben Skowronek,WR,4,57,0.8382,17,1
Ben Yurosek,TE,1,12,0.7059,12,0
Benny Snell,RB,1,3,0.1765,,1
Bhayshul Tuten,RB,1,15,0.8824,15,0
Bijan Robinson,RB,3,51,1.0,17,0
Bilal Powell,RB,2,31,0.9688,,0
Blaine Gabbert,QB,2,3,0.0882,,2
Blake Bell,TE,2,19,0.5588,,1
Blake Bortles,QB,3,45,0.9375,,0
Blake Corum,RB,2,34,1.0,17,0
Blake Grupe,K,3,50,0.9804,16,0
Blake Watson,RB,1,2,0.1176,,1
Blake Whiteheart,TE,3,30,0.5882,17,2
Bo Melton,WR,3,38,0.7451,16,1
Bo Nix,QB,2,34,1.0,17,0
Boston Scott,RB,2,27,0.7941,,0
Brady Cook,QB,1,5,0.2941,5,1
Brady Russell,TE,3,43,0.8431,17,1
Braelon Allen,RB,2,21,0.6176,4,1
Brandin Cooks,WR,9,133,0.8926,15,1
Brandon Aiyuk,WR,5,69,0.8214,,1
Brandon Allen,QB,3,5,0.098,1,3
Brandon Aubrey,K,3,51,1.0,17,0
Brandon Bolden,RB,2,24,0.7059,,1
Brandon Johnson,WR,3,19,0.3725,,2
Brandon LaFell,WR,1,16,1.0,,0
Brandon McManus,K,4,59,0.8676,14,1
Brandon Powell,WR,3,48,0.9412,,0
Brandon Smith,WR,2,3,0.0882,2,2
Brashard Smith,RB,1,17,1.0,17,0
Braxton Berrios,WR,4,38,0.5588,4,2
Brayden Narveson,K,1,7,0.4118,,1
Brayden Willis,TE,3,23,0.451,6,3
Braylon Sanders,WR,1,1,0.0588,,1
Breece Hall,RB,4,56,0.8235,16,1
Brenden Bates,TE,2,16,0.4706,9,2
Brenden Rice,WR,1,3,0.1765,,1
Brennan Presley,WR,1,1,0.0588,1,1
Brenton Strange,TE,3,43,0.8431,12,0
Breshad Perriman,WR,1,5,0.2941,,1
Brett Hundley,QB,1,11,0.6875,,1
Brett Maher,K,2,24,0.7059,,1
Brett Rypien,QB,3,7,0.1373,1,3
Brevin Jordan,TE,3,24,0.4706,,2
Brevyn Spann-Ford,TE,2,34,1.0,17,0
Brian Hoyer,QB,2,4,0.1176,,2
Brian Robinson,RB,4,58,0.8529,17,0
Brian Thomas,WR,2,31,0.9118,14,0
Britain Covey,WR,3,27,0.5294,6,2
British Brooks,RB,2,20,0.5882,15,1
Brittain Brown,RB,1,3,0.1765,3,1
Brock Bowers,TE,2,29,0.8529,12,0
Brock Osweiler,QB,1,15,0.9375,,0
Brock Purdy,QB,4,49,0.7206,9,2
Brock Wright,TE,4,52,0.7647,11,2
Bryan Edwards,WR,1,3,0.1765,,1
Bryce Ford-Wheaton,WR,1,14,0.8235,,0
Bryce Oliver,WR,2,13,0.3824,3,2
Bryce Perkins,QB,1,4,0.2353,,1
Bryce Young,QB,3,46,0.902,16,0
Brycen Hopkins,TE,2,20,0.5882,,1
Brycen Tremayne,WR,2,18,0.5294,16,1
Bub Means,WR,1,7,0.4118,,1
Bucky Irving,RB,2,27,0.7941,10,1
Byron Pringle,WR,2,24,0.7059,,1
C.J. Anderson,RB,1,16,1.0,,0
C.J. Beathard,QB,2,9,0.2647,,2
C.J. Board,WR,1,1,0.0588,,1
C.J. Stroud,QB,3,46,0.902,14,0
C.J. Uzomah,TE,3,31,0.6078,,1
CAR Defense,DEF,4,67,0.9853,17,0
CHI Defense,DEF,4,63,0.9265,17,0
CIN Defense,DEF,4,68,1.0,17,0
CJ Dippre,TE,1,2,0.1176,2,1
CLE Defense,DEF,4,66,0.9706,17,0
Cade Johnson,WR,1,1,0.0588,,1
Cade Otton,TE,4,61,0.8971,16,0
Cade Stover,TE,2,24,0.7059,9,1
Cade York,K,2,23,0.6765,,1
Cairo Santos,K,4,64,0.9412,15,0
Caleb Huntley,RB,1,12,0.7059,,0
Caleb Shudak,K,1,1,0.0588,,1
Caleb Williams,QB,2,34,1.0,17,0
Calvin Austin,WR,3,48,0.9412,14,0
Calvin Ridley,WR,6,85,0.8586,7,1
Cam Akers,RB,4,44,0.6471,6,2
Cam Grandy,TE,2,13,0.3824,5,2
Cam Little,K,2,34,1.0,17,0
Cam Newton,QB,4,60,0.9375,,0
Cam Sims,WR,1,8,0.4706,,1
Cam Skattebo,RB,1,8,0.4706,8,1
Cam Ward,QB,1,17,1.0,17,0
Cameron Brate,TE,3,40,0.8163,,1
Cameron Dicker,K,4,62,0.9118,17,1
Cameron Latu,TE,1,15,0.8824,15,0
Cameron Meredith,WR,1,14,0.875,,0
Carlos Hyde,RB,3,45,0.9375,,0
Carlos Washington,RB,2,2,0.0588,1,2
Carson Palmer,QB,2,22,0.6875,,1
Carson Steele,RB,1,17,1.0,,0
Carson Wentz,QB,10,103,0.6242,5,5
Carter Runyon,TE,1,13,0.7647,13,0
Case Keenum,QB,5,45,0.5488,,3
Casey Washington,WR,2,15,0.4412,7,2
Cedric Tillman,WR,3,38,0.7451,13,1
Cedrick Wilson,WR,4,47,0.6912,10,2
CeeDee Lamb,WR,6,95,0.9406,14,0
Chad Ryland,K,3,47,0.9216,17,0
Charlie Jones,WR,3,33,0.6471,14,2
Charlie Kolar,TE,4,46,0.6765,17,1
Charlie Smyth,K,1,6,0.3529,6,1
Charlie Woerner,TE,3,50,0.9804,17,0
Chase Brown,RB,3,45,0.8824,17,0
Chase Claypool,WR,4,56,0.8358,,0
Chase Daniel,QB,1,2,0.1176,,1
Chase Edmonds,RB,4,45,0.6716,3,1
Chase McLaughlin,K,4,66,0.9706,17,0
Chig Okonkwo,TE,4,64,0.9412,17,0
Chimere Dike,WR,1,17,1.0,17,0
Chris Blair,WR,3,8,0.1569,3,3
Chris Boswell,K,4,63,0.9265,17,0
Chris Brooks,RB,3,41,0.8039,17,1
Chris Carson,RB,3,41,0.8542,,0
Chris Collier,RB,1,8,0.4706,,1
Chris Conley,WR,4,41,0.6119,,2
Chris Evans,RB,2,11,0.3235,,2
Chris Godwin,WR,8,104,0.782,9,2
Chris Manhertz,TE,4,55,0.8088,17,1
Chris Moore,WR,4,50,0.7353,14,1
Chris Myarick,TE,1,6,0.3529,,1
Chris Oladokun,QB,2,4,0.1176,3,2
Chris Olave,WR,4,55,0.8088,16,1
Chris Rodriguez,RB,3,35,0.6863,13,1
Chris Streveler,QB,1,1,0.0588,,1
Chris Thompson,RB,1,10,0.625,,1
Christian Kirk,WR,5,67,0.7882,13,1
Christian McCaffrey,RB,9,112,0.7517,17,3
Christian Watson,WR,4,48,0.7059,10,2
Christine Michael,RB,1,15,0.9375,,0
Chuba Hubbard,RB,5,76,0.8941,15,0
Clayton Tune,QB,3,15,0.2941,2,3
Clyde Edwards-Helaire,RB,5,41,0.4881,2,3
Cody Hollister,WR,1,2,0.1176,,1
Cody Schrader,RB,2,2,0.0588,1,2
Cody Thompson,WR,2,8,0.2353,,2
Cody White,WR,3,15,0.2941,10,3
Colby Parkinson,TE,4,62,0.9118,15,0
Cole Beasley,WR,4,50,0.7692,,1
Cole Fotheringham,TE,1,2,0.1176,,1
Cole Kmet,TE,4,65,0.9559,16,0
Cole Turner,TE,3,14,0.2745,1,2
Coleman Owen,WR,1,2,0.1176,2,1
Colin Kaepernick,QB,1,12,0.75,,0
Collin Johnson,WR,2,12,0.3529,,2
Colson Yankoff,TE,2,20,0.5882,14,1
Colston Loveland,TE,1,16,0.9412,16,0
Colt McCoy,QB,1,4,0.2353,,1
Colton Dowell,WR,1,10,0.5882,,1
Connor Heyward,TE,4,59,0.8676,17,1
Cooper Kupp,WR,8,112,0.8421,16,1
Cooper Rush,QB,4,30,0.4412,4,3
Cordarrelle Patterson,RB,4,56,0.8235,,0
Corey Clement,RB,2,7,0.2059,,2
Corey Davis,WR,3,42,0.8571,,0
Corey Kiner,RB,1,4,0.2353,4,1
Courtland Sutton,WR,5,80,0.9524,17,0
Craig Reynolds,RB,4,47,0.6912,7,2
Curtis Samuel,WR,6,84,0.84,6,1
D'Andre Swift,RB,6,89,0.8812,16,0
D'Ernest Johnson,RB,4,42,0.6176,8,2
D'Onta Foreman,RB,3,36,0.7059,,2
D.J. Montgomery,WR,1,7,0.4118,,1
D.J. Moore,WR,3,47,0.9592,,0
D.J. Williams,RB,1,1,0.0588,,1
D.K. Metcalf,WR,3,49,1.0,,0
DAL Defense,DEF,4,68,1.0,17,0
DEN Defense,DEF,4,67,0.9853,17,0
DET Defense,DEF,4,65,0.9559,17,0
DJ Chark,WR,4,46,0.6866,,2
DJ Giddens,RB,1,9,0.5294,9,1
DJ Moore,WR,4,68,1.0,17,0
DJ Turner,WR,4,25,0.3676,1,3
DK Metcalf,WR,4,63,0.9265,15,0
Dak Prescott,QB,10,139,0.8424,17,2
Dalen Cambre,WR,1,7,0.4118,7,1
Dalevon Campbell,WR,1,2,0.1176,2,1
Dallas Goedert,TE,6,81,0.802,15,1
Dallin Holker,TE,1,12,0.7059,,0
Dalton Keene,TE,1,1,0.0588,,1
Dalton Kincaid,TE,3,41,0.8039,12,0
Dalton Schultz,TE,5,79,0.9294,17,0
Dalvin Cook,RB,7,86,0.7414,,2
Dameon Pierce,RB,4,43,0.6324,5,2
Damien Harris,RB,3,32,0.6275,,2
Damien Williams,RB,3,15,0.3,,3
Damiere Byrd,WR,2,9,0.2647,,2
Dan Arnold,TE,1,9,0.5294,,1
Dan Chisena,WR,3,11,0.2157,1,3
Daniel Bellinger,TE,4,61,0.8971,16,1
Daniel Carlson,K,4,67,0.9853,17,0
Daniel Jones,QB,7,83,0.7094,13,3
Danny Gray,WR,1,2,0.1176,,1
Dante Miller,RB,1,2,0.1176,,1
Dante Pettis,WR,3,27,0.5294,8,3
Dare Ogunbowale,RB,4,57,0.8382,17,1
Dareke Young,WR,4,30,0.4412,9,3
Darius Cooper,WR,1,13,0.7647,13,0
Darius Slayton,WR,5,74,0.881,14,0
Darnell Mooney,WR,5,74,0.8706,15,1
Darnell Washington,TE,3,50,0.9804,16,0
Darrel Williams,RB,2,22,0.6471,,1
Darrell Daniels,TE,1,3,0.1765,,1
Darrell Henderson,RB,4,41,0.6119,,2
Darren Sproles,RB,1,15,0.9375,,0
Darren Waller,TE,5,61,0.7349,9,2
Darrynton Evans,RB,3,15,0.2941,,3
Davante Adams,WR,10,149,0.903,14,0
David Bell,WR,3,28,0.549,,1
David Blough,QB,1,2,0.1176,,1
David Johnson,RB,4,47,0.7231,,1
David Martin-Robinson,TE,2,22,0.6471,17,1
David Montgomery,RB,7,105,0.8974,17,0
David Moore,WR,3,28,0.549,4,2
David Njoku,TE,5,69,0.8214,12,1
David Sills,WR,3,27,0.5294,17,2
David Wells,TE,1,5,0.2941,,1
Davis Allen,TE,3,47,0.9216,17,0
Davis Mills,QB,5,45,0.5294,6,3
Davis Webb,QB,1,1,0.0588,,1
Dawson Knox,TE,5,74,0.8706,17,0
Dax Milne,WR,1,6,0.3529,,1
Daylen Baldwin,WR,1,1,0.0588,,1
De'Von Achane,RB,3,44,0.8627,16,1
DeAndre Carter,WR,4,50,0.7353,4,1
DeAndre Hopkins,WR,10,147,0.8909,17,2
DeMarco Murray,RB,2,31,0.9688,,0
DeMario Douglas,WR,3,48,0.9412,17,0
DeSean Jackson,WR,3,33,0.6735,,1
DeShone Kizer,QB,1,15,0.9375,,0
DeVante Parker,WR,3,39,0.78,,1
DeVonta Smith,WR,5,79,0.9294,17,0
Dede Westbrook,WR,1,16,1.0,,0
Dee Eskridge,WR,4,29,0.4265,13,3
DeeJay Dallas,RB,4,50,0.7353,6,2
Deebo Samuel,WR,6,90,0.8911,16,0
Delanie Walker,TE,2,31,0.9688,,0
Demarcus Robinson,WR,4,62,0.9118,14,0
Demaryius Thomas,WR,2,32,1.0,,0
Demetric Felton,RB,1,2,0.1176,,1
Deneric Prince,RB,1,2,0.1176,,1
Dennis Houston,WR,1,1,0.0588,,1
Denzel Mims,WR,1,7,0.4118,,1
Deon Jackson,RB,2,14,0.4118,,2
Deonte Harty,WR,3,23,0.451,,2
Derek Carr,QB,9,137,0.9257,,1
Derius Davis,WR,3,43,0.8431,11,1
Derrick Gore,RB,1,6,0.3529,,1
Derrick Henry,RB,9,138,0.9262,17,1
Deshaun Watson,QB,7,73,0.6348,,4
Desmond Ridder,QB,3,25,0.4902,,2
Deuce Vaughn,RB,2,14,0.4118,,2
Devaughn Vele,WR,2,26,0.7647,13,0
Deven Thompkins,WR,4,33,0.4853,7,3
Devin Asiasi,TE,1,1,0.0588,,1
Devin Culp,TE,2,18,0.5294,13,1
Devin Duvernay,WR,4,56,0.8235,17,0
Devin Funchess,WR,1,16,1.0,,0
Devin Neal,RB,1,10,0.5882,10,1
Devin Singletary,RB,6,95,0.9406,17,0
Devine Ozigbo,RB,2,6,0.1765,,2
Devon Allen,WR,1,2,0.1176,,1
Devonta Freeman,RB,4,60,0.9231,,0
Devontae Booker,RB,1,16,1.0,,0
Devontez Walker,WR,2,21,0.6176,12,1
Dez Bryant,WR,2,29,0.9062,,0
Dez Fitzpatrick,WR,2,2,0.0588,,2
Dezmon Patmon,WR,1,1,0.0588,,1
Dillon Gabriel,QB,1,10,0.5882,10,1
Dion Lewis,RB,1,16,1.0,,0
Diontae Johnson,WR,5,73,0.869,,0
Dominic Lovett,WR,1,12,0.7059,12,0
Dominik Eberle,K,1,1,0.0588,,1
Donald Parham,TE,2,19,0.5588,,1
Donovan Peoples-Jones,WR,2,31,0.9118,,0
Dont'e Thornton,WR,1,15,0.8824,15,0
Dontayvion Wicks,WR,3,46,0.902,14,0
Dontrell Hilliard,RB,1,11,0.6471,,1
Dorian Thompson-Robinson,QB,2,15,0.4412,,2
Doug Baldwin,WR,2,32,1.0,,0
Drake Dabney,TE,1,2,0.1176,2,1
Drake London,WR,4,62,0.9118,12,0
Drake Maye,QB,2,30,0.8824,17,0
Drew Brees,QB,5,70,0.875,,1
Drew Lock,QB,4,30,0.4478,5,3
Drew Ogletree,TE,3,44,0.8627,15,0
Drew Sample,TE,4,53,0.7794,17,1
Duke Johnson,RB,3,33,0.6735,,1
Durham Smythe,TE,4,60,0.8824,17,1
Dustin Hopkins,K,3,36,0.7059,,1
Dwayne Washington,RB,2,16,0.4706,,1
Dyami Brown,WR,4,52,0.7647,14,1
Dylan Drummond,WR,2,10,0.2941,9,2
Dylan Laube,RB,2,27,0.7941,17,1
Dylan Sampson,RB,1,15,0.8824,15,0
E.J. Jenkins,TE,2,10,0.2941,2,2
Easop Winston,WR,1,1,0.0588,,1
Easton Stick,QB,1,5,0.2941,,1
Eddy Pineiro,K,4,63,0.9265,14,0
Efton Chism,WR,1,8,0.4706,8,1
Eli Manning,QB,3,47,0.9792,,0
Elic Ayomanor,WR,1,16,0.9412,16,0
Elijah Arroyo,TE,1,13,0.7647,13,0
Elijah Cooks,WR,2,11,0.3235,,2
Elijah Dotson,RB,1,4,0.2353,,1
Elijah Higgins,TE,3,45,0.8824,17,1
Elijah Mitchell,RB,4,28,0.4118,1,4
Elijah Moore,WR,4,56,0.8235,9,1
Emanuel Wilson,RB,3,41,0.8039,17,1
Emari Demercado,RB,3,40,0.7843,13,0
Emeka Egbuka,WR,1,17,1.0,17,0
Emmanuel Sanders,WR,3,44,0.9167,,0
Eno Benjamin,RB,1,12,0.7059,,0
Equanimeous St. Brown,WR,3,24,0.4706,,2
Eric Ebron,TE,1,16,1.0,,0
Eric Gray,RB,3,34,0.6667,4,1
Eric Saubert,TE,4,46,0.6765,11,3
Eric Tomlinson,TE,2,14,0.4118,,2
Erick All,TE,1,9,0.5294,,1
Erik Ezukanma,WR,3,5,0.098,,3
Ethan Fernea,WR,1,3,0.1765,,1
Evan Engram,TE,5,74,0.881,16,1
Evan Hull,RB,3,8,0.1569,6,3
Evan McPherson,K,4,62,0.9118,17,0
Ezekiel Elliott,RB,9,135,0.9122,,1
Feleipe Franks,TE,2,33,0.9706,17,0
Foster Moreau,TE,4,56,0.8235,11,1
Frank Darby,WR,2,2,0.0588,,2
Frank Gore,RB,2,32,1.0,,0
Freddie Swain,WR,1,3,0.1765,,1
GB Defense,DEF,4,68,1.0,17,0
Gabe Davis,WR,4,48,0.7059,6,2
Gage Larvadain,WR,1,13,0.7647,13,0
Gardner Minshew,QB,4,35,0.5147,4,3
Gardner Minshew II,QB,2,23,0.7188,,1
Garrett Wilson,WR,4,58,0.8529,7,1
Gary Brightwell,RB,4,18,0.2647,2,4
Geno Smith,QB,4,64,0.9412,15,0
Geoff Swaim,TE,3,30,0.5882,,2
George Holani,RB,2,16,0.4706,11,2
George Kittle,TE,8,105,0.7895,11,3
George Pickens,WR,4,64,0.9412,17,0
Gerald Everett,TE,3,47,0.9216,,0
Giovani Bernard,RB,2,17,0.5152,,1
Godwin Igwebuike,RB,2,13,0.3824,,1
Golden Tate,WR,3,47,0.9792,,0
Graham Gano,K,4,39,0.5735,5,3
Grant Calcaterra,TE,4,51,0.75,15,1
Grant DuBose,WR,1,3,0.1765,,1
Greg Dortch,WR,4,56,0.8235,12,1
Greg Dulcich,TE,4,31,0.4559,10,4
Greg Joseph,K,3,42,0.8235,,1
Greg Olsen,TE,1,16,1.0,,0
Greg Zuerlein,K,3,41,0.8039,,1
Gunnar Helm,TE,1,16,0.9412,16,0
Gunner Olszewski,WR,3,36,0.7059,16,1
Gus Edwards,RB,4,53,0.791,,2
HOU Defense,DEF,4,66,0.9706,17,0
Harold Fannin,TE,1,16,0.9412,16,0
Harrison Bryant,TE,4,55,0.8088,12,0
Harrison Butker,K,4,60,0.8824,17,0
Harrison Mevis,K,1,9,0.5294,9,1
Hassan Haskins,RB,3,36,0.7059,12,1
Hayden Hurst,TE,4,48,0.7164,,2
Hayden Rucci,TE,1,4,0.2353,4,1
Hendon Hooker,QB,1,3,0.1765,,1
Hunter Henry,TE,7,106,0.906,17,0
Hunter Kampmoyer,TE,1,1,0.0588,,1
Hunter Long,TE,3,30,0.5882,9,2
Hunter Renfrow,WR,4,50,0.7353,6,2
IND Defense,DEF,4,67,0.9853,17,0
Ian Thomas,TE,4,45,0.6618,15,1
Ihmir Smith-Marsette,WR,3,33,0.6471,,1
Irv Smith,TE,3,24,0.4706,,2
Irvin Charles,WR,2,25,0.7353,,0
Isaac Guerendo,RB,2,30,0.8824,14,0
Isaac TeSlaa,WR,1,17,1.0,17,0
Isaiah Bond,WR,1,16,0.9412,16,0
Isaiah Crowell,RB,3,45,0.9375,,0
Isaiah Davis,RB,2,33,0.9706,16,0
Isaiah Hodgins,WR,4,36,0.5294,7,3
Isaiah Likely,TE,4,60,0.8824,14,0
Isaiah McKenzie,WR,2,27,0.7941,,0
Isaiah Spiller,RB,2,13,0.3824,,2
Isaiah Williams,WR,2,23,0.6765,15,1
Isiah Pacheco,RB,4,49,0.7206,13,1
Israel Abanikanda,RB,1,6,0.3529,,1
J.D. McKissic,RB,1,8,0.4706,,1
J.J. McCarthy,QB,1,10,0.5882,10,1
J.J. Taylor,RB,2,6,0.1765,,2
J.K. Dobbins,RB,5,47,0.5595,10,3
J.P. Holtz,TE,1,1,0.0588,,1
JAX Defense,DEF,4,66,0.9706,17,0
JP Richardson,WR,1,1,0.0588,1,1
Ja'Corey Brooks,WR,1,1,0.0588,1,1
Ja'Lynn Polk,WR,1,15,0.8824,,0
Ja'Marr Chase,WR,5,78,0.9176,16,0
Ja'Tavion Sanders,TE,2,29,0.8529,13,0
JaMycal Hasty,RB,3,33,0.6471,,1
Jacardia Wright,RB,1,1,0.0588,1,1
Jack Bech,WR,1,16,0.9412,16,0
Jack Doyle,TE,1,15,0.9375,,0
Jack Stoll,TE,4,51,0.75,15,2
Jack Westover,TE,2,20,0.5882,17,1
Jackson Hawes,TE,1,17,1.0,17,0
Jackson Meeks,WR,1,2,0.1176,2,1
Jacob Cowing,WR,1,15,0.8824,,0
Jacob Eason,QB,1,1,0.0588,,1
Jacob Harris,WR,2,3,0.0882,,2
Jacob Kibodi,RB,1,1,0.0588,,1
Jacob Saylors,RB,1,16,0.9412,16,0
Jacoby Brissett,QB,6,69,0.69,14,2
Jacoby Jones,WR,1,1,0.0588,1,1
Jacory Croskey-Merritt,RB,1,17,1.0,17,0
Jaelon Darden,WR,3,16,0.3137,,2
Jahan Dotson,WR,4,62,0.9118,17,1
Jahdae Walker,WR,1,9,0.5294,9,1
Jaheim Bell,TE,1,15,0.8824,,0
Jahmyr Gibbs,RB,3,49,0.9608,17,0
Jake Bates,K,2,34,1.0,17,0
Jake Bobo,WR,3,45,0.8824,11,1
Jake Browning,QB,3,17,0.3333,5,3
Jake Elliott,K,4,67,0.9853,17,0
Jake Ferguson,TE,4,59,0.8676,17,1
Jake Funk,RB,1,4,0.2353,,1
Jake Haener,QB,1,8,0.4706,,1
Jake Kumerow,WR,1,2,0.1176,,1
Jake Moody,K,3,40,0.7843,9,1
Jake Tonges,TE,2,33,0.9706,17,0
Jakobi Meyers,WR,4,61,0.8971,16,0
Jakobie Keeney-James,WR,1,1,0.0588,1,1
Jaleel McLaughlin,RB,3,41,0.8039,8,1
Jalen Brooks,WR,3,27,0.5294,6,2
Jalen Camp,WR,1,1,0.0588,,1
Jalen Coker,WR,2,22,0.6471,11,2
Jalen Cropper,WR,2,4,0.1176,3,2
Jalen Guyton,WR,2,9,0.2647,,2
Jalen Hurts,QB,5,78,0.9176,16,0
Jalen McMillan,WR,2,17,0.5,4,1
Jalen Milroe,QB,1,3,0.1765,3,1
Jalen Nailor,WR,4,44,0.6471,17,2
Jalen Reagor,WR,3,26,0.5098,,3
Jalen Royals,WR,1,7,0.4118,7,1
Jalen Tolbert,WR,4,49,0.7206,13,1
Jalen Virgil,WR,2,9,0.2647,,2
Jalin Hyatt,WR,3,41,0.8039,8,1
Jamaal Williams,RB,4,60,0.8955,,0
Jamal Agnew,WR,3,36,0.7059,11,2
Jamari Thrash,WR,2,18,0.5294,9,2
Jameis Winston,QB,9,88,0.5906,3,5
James Conner,RB,8,96,0.7218,3,2
James Cook,RB,4,65,0.9559,17,0
James Mitchell,TE,4,29,0.4265,5,3
James Proche,WR,4,32,0.4706,9,4
James Robinson,RB,4,39,0.5821,,2
James White,RB,2,31,0.9688,,0
Jameson Williams,WR,4,46,0.6765,17,1
Jamison Crowder,WR,6,71,0.7172,,2
Jared Cook,TE,2,30,0.9375,,0
Jared Goff,QB,9,144,0.9664,17,0
Jared Wayne,WR,2,4,0.1176,1,2
Jared Wiley,TE,2,12,0.3529,5,2
Jaren Hall,QB,1,3,0.1765,,1
Jaret Patterson,RB,3,8,0.1569,6,3
Jarquez Hunter,RB,1,5,0.2941,5,1
Jarrett Stidham,QB,4,11,0.1618,1,4
Jarvis Landry,WR,6,87,0.8969,,1
Jase McClellan,RB,1,2,0.1176,,1
Jashaun Corbin,RB,1,6,0.3529,,1
Jason Brownlee,WR,2,13,0.3824,6,2
Jason Moore,WR,1,1,0.0588,,1
Jason Myers,K,4,68,1.0,17,0
Jason Sanders,K,3,51,1.0,,0
Jason Witten,TE,1,16,1.0,,0
Jauan Jennings,WR,4,58,0.8529,15,0
Javon Baker,WR,1,11,0.6471,,1
Javonte Williams,RB,5,70,0.8235,16,1
Javorius Allen,RB,1,16,1.0,,0
Jawhar Jordan,RB,1,4,0.2353,4,1
Jaxon Smith-Njigba,WR,3,51,1.0,17,0
Jaxson Dart,QB,1,14,0.8235,14,0
Jay Ajayi,RB,2,29,0.9062,,0
Jay Cutler,QB,1,14,0.875,,0
Jayden Daniels,QB,2,24,0.7059,7,1
Jayden Higgins,WR,1,17,1.0,17,0
Jayden Reed,WR,3,40,0.7843,7,1
Jaydon Blue,RB,1,5,0.2941,5,1
Jaylen Johnson,WR,1,1,0.0588,,1
Jaylen Waddle,WR,5,78,0.9176,16,0
Jaylen Warren,RB,4,64,0.9412,16,0
Jaylen Wright,RB,2,25,0.7353,10,1
Jaylin Lane,WR,1,15,0.8824,15,0
Jaylin Noel,WR,1,17,1.0,17,0
Jeff Driskel,QB,3,9,0.1765,,3
Jeff Smith,WR,1,5,0.2941,,1
Jeff Wilson,RB,5,50,0.5952,3,3
Jelani Woods,TE,2,15,0.4412,4,2
Jeremy Hill,RB,1,15,0.9375,,0
Jeremy McNichols,RB,3,37,0.7255,17,1
Jeremy Ruckert,TE,4,50,0.7353,17,1
Jerick McKinnon,RB,3,45,0.9,,0
Jermaine Burton,WR,1,14,0.8235,,0
Jermaine Jackson,WR,1,4,0.2353,,1
Jermaine Kearse,WR,1,16,1.0,,0
Jermar Jefferson,RB,2,4,0.1176,2,2
Jerome Ford,RB,4,46,0.6765,13,1
Jerry Jeudy,WR,4,64,0.9412,17,0
Jeshaun Jones,WR,1,1,0.0588,1,1
Jesper Horsted,TE,2,15,0.4412,,1
Jha'Quan Jackson,WR,1,12,0.7059,,0
Jimmy Garoppolo,QB,6,53,0.5248,3,4
Jimmy Graham,TE,4,61,0.9385,,0
Jimmy Holiday,WR,1,1,0.0588,1,1
Jimmy Horn,WR,1,13,0.7647,13,0
Jody Fortson,TE,2,9,0.2647,,2
Joe Burrow,QB,6,78,0.7723,8,3
Joe Flacco,QB,7,71,0.6121,13,4
Joe Milton,QB,2,5,0.1471,4,2
Joe Mixon,RB,7,106,0.9138,,0
Joey Slye,K,4,65,0.9559,16,0
John Bates,TE,4,55,0.8088,15,1
John Brown,WR,2,16,0.4848,,1
John FitzPatrick,TE,3,33,0.6471,15,2
John Kelly,RB,1,2,0.1176,,1
John Metchie,WR,3,45,0.8824,16,0
John Ross,WR,1,1,0.0588,,1
John Samuel Shenker,TE,1,8,0.4706,,1
John Wolford,QB,1,2,0.1176,,1
Johnny Johnson,WR,1,1,0.0588,,1
Johnny Mundt,TE,4,62,0.9118,16,0
Johnny Wilson,WR,1,16,0.9412,,0
Jonathan Mingo,WR,3,38,0.7451,6,1
Jonathan Stewart,RB,2,28,0.875,,0
Jonathan Taylor,RB,6,84,0.8317,17,2
Jonathan Ward,RB,3,13,0.2549,,3
Jonathan Williams,RB,2,8,0.2353,,2
Jonathon Brooks,RB,1,3,0.1765,,1
Jonnu Smith,TE,5,76,0.9048,17,1
Jordan Addison,WR,3,46,0.902,14,0
Jordan Akins,TE,3,48,0.9412,,0
Jordan Howard,RB,4,48,0.7385,,1
Jordan James,RB,1,3,0.1765,3,1
Jordan Love,QB,4,51,0.75,15,1
Jordan Mason,RB,4,53,0.7794,16,1
Jordan Matthews,TE,2,5,0.1471,,2
Jordan Mims,RB,3,14,0.2745,1,3
Jordan Reed,TE,1,12,0.75,,0
Jordan Watkins,WR,1,4,0.2353,4,1
Jordan Whittington,WR,2,32,0.9412,17,0
Jordan Wilkins,RB,1,4,0.2353,,1
Jordy Nelson,WR,1,16,1.0,,0
Josh Allen,QB,8,129,0.9699,17,0
Josh Downs,WR,3,47,0.9216,16,0
Josh Jacobs,RB,7,105,0.8974,15,0
Josh Johnson,RB,2,11,0.3235,5,2
Josh Lambo,K,1,1,0.0588,,1
Josh McCown,QB,1,13,0.8125,,0
Josh Oliver,TE,4,55,0.8088,15,1
Josh Pederson,TE,1,3,0.1765,,1
Josh Reynolds,WR,4,43,0.6324,5,2
Josh Rosen,QB,1,14,0.875,,0
Josh Whyle,TE,3,36,0.7059,8,2
Josh Williams,RB,1,3,0.1765,3,1
Joshua Cephus,WR,1,1,0.0588,,1
Joshua Dobbs,QB,4,21,0.3088,4,3
Joshua Karty,K,2,25,0.7353,8,1
Joshua Kelley,RB,3,32,0.6275,,1
Joshua Palmer,WR,4,52,0.7647,12,1
Josiah Deguara,TE,4,49,0.7206,12,1
JuJu Smith-Schuster,WR,7,104,0.8966,17,1
Jude McAtamney,K,2,5,0.1471,4,2
Julian Edelman,WR,3,44,0.9167,,0
Julian Hill,TE,3,45,0.8824,14,0
Julio Jones,WR,6,82,0.8367,,2
Julius Chestnut,RB,4,40,0.5882,17,2
Justice Hill,RB,4,54,0.7941,10,1
Justin Fields,QB,5,59,0.6941,9,2
Justin Herbert,QB,6,95,0.9406,16,0
Justin Jackson,RB,1,11,0.6471,,1
Justin Jefferson,WR,6,94,0.9307,17,1
Justin Shorter,WR,2,17,0.5,7,2
Justin Tucker,K,3,51,1.0,,0
Justin Watson,WR,4,46,0.6765,3,2
Justyn Ross,WR,2,12,0.3529,,2
Juwan Johnson,TE,4,61,0.8971,17,0
Juwann Winfree,WR,2,9,0.2647,,2
K.J. Osborn,WR,4,57,0.8382,,1
KC Defense,DEF,4,68,1.0,17,0
KJ Hamler,WR,1,5,0.2941,,1
Ka'imi Fairbairn,K,4,61,0.8971,15,0
KaVontae Turpin,WR,4,52,0.7647,15,1
Kadarius Toney,WR,3,24,0.4706,,2
Kaden Davis,WR,2,3,0.0882,2,2
Kaleb Johnson,RB,1,10,0.5882,10,1
Kalel Mullings,RB,1,9,0.5294,9,1
Kalif Raymond,WR,4,59,0.8676,15,0
Kameron Johnson,WR,2,23,0.6765,17,1
Kareem Hunt,RB,7,105,0.9052,17,1
Kayshon Boutte,WR,3,34,0.6667,14,1
Ke'Shawn Vaughn,RB,3,14,0.2745,,3
Ke'Shawn Williams,WR,1,11,0.6471,11,1
KeAndre Lambert-Smith,WR,1,10,0.5882,10,1
Keaontay Ingram,RB,3,18,0.3529,,3
Kearis Jackson,WR,1,2,0.1176,,1
Keaton Mitchell,RB,3,26,0.5098,13,2
Kedon Slovis,QB,1,2,0.1176,2,1
Keelan Cole,WR,1,7,0.4118,,1
Keelan Doss,WR,1,5,0.2941,,1
Keenan Allen,WR,9,133,0.8926,17,1
Keilan Robinson,RB,1,6,0.3529,,1
Keith Kirkwood,WR,2,15,0.4412,,1
Keke Coutee,WR,1,1,0.0588,,1
Keleki Latu,TE,1,5,0.2941,5,1
Kelvin Benjamin,WR,1,16,1.0,,0
Kendall Blanton,TE,1,2,0.1176,,1
Kendall Hinton,WR,1,10,0.5882,,1
Kendall Milton,RB,2,3,0.0882,1,2
Kendre Miller,RB,3,21,0.4118,7,3
Kendric Pryor,WR,1,1,0.0588,,1
Kendrick Bourne,WR,5,67,0.7882,16,1
Kene Nwangwu,RB,4,26,0.3824,12,3
Kenneth Gainwell,RB,4,66,0.9706,17,0
Kenneth Walker,RB,4,58,0.8529,17,1
Kenny Britt,WR,1,15,0.9375,,0
Kenny Golladay,WR,3,34,0.6939,,1
Kenny McIntosh,RB,2,20,0.5882,,1
Kenny Pickett,QB,4,36,0.5294,6,2
Kenny Stills,WR,2,32,1.0,,0
Kenny Yeboah,TE,2,14,0.4118,,2
Kenyan Drake,RB,6,76,0.7755,,1
Keon Coleman,WR,2,26,0.7647,13,0
Kerryon Johnson,RB,1,10,0.625,,1
Kevin Austin,WR,2,16,0.4706,8,2
Kevin Harris,RB,2,8,0.2353,,2
Kevin Rader,TE,1,14,0.8235,,0
Kevin White,WR,1,2,0.1176,,1
KhaDarel Hodge,WR,4,53,0.7794,12,1
Khalil Herbert,RB,4,46,0.6765,7,1
Khalil Shakir,WR,4,55,0.8088,16,1
Kimani Vidal,RB,2,23,0.6765,13,1
Kirk Cousins,QB,10,144,0.8727,10,2
Kirk Merritt,WR,1,1,0.0588,,1
Ko Kieft,TE,4,43,0.6324,3,2
Konata Mumpfield,WR,1,17,1.0,17,0
Kristian Wilkerson,WR,2,5,0.1471,,2
Kwamie Lassiter,WR,1,1,0.0588,,1
Kyle Allen,QB,5,26,0.3095,3,4
Kyle Monangai,RB,1,17,1.0,17,0
Kyle Philips,WR,2,11,0.3235,,2
Kyle Pitts,TE,5,78,0.9176,17,1
Kyle Rudolph,TE,4,51,0.7846,,1
Kyle Trask,QB,3,7,0.1373,,3
Kyle Williams,WR,1,17,1.0,17,0
Kylen Granson,TE,4,61,0.8971,17,0
Kyler Murray,QB,7,87,0.7436,5,3
Kylin Hill,RB,1,1,0.0588,,1
Kyren Williams,RB,4,53,0.7794,17,1
LAC Defense,DEF,4,67,0.9853,17,0
LAR Defense,DEF,4,67,0.9853,17,0
LV Defense,DEF,4,66,0.9706,17,0
La'Mical Perine,RB,1,3,0.1765,,1
LaJohntay Wester,WR,1,17,1.0,17,0
Ladd McConkey,WR,2,32,0.9412,16,0
Lamar Jackson,QB,8,116,0.8722,13,0
Lamar Miller,RB,3,44,0.9167,,0
Laquon Treadwell,WR,4,20,0.2941,10,4
Larry Fitzgerald,WR,3,48,1.0,,0
Larry Rountree,RB,1,2,0.1176,,1
Latavius Murray,RB,7,106,0.9298,,0
Laviska Shenault,WR,3,31,0.6078,,2
Lawrence Cager,TE,3,16,0.3137,1,3
Le'Veon Bell,RB,3,42,0.875,,0
LeGarrette Blount,RB,2,32,1.0,,0
LeQuint Allen,RB,1,17,1.0,17,0
LeSean McCoy,RB,2,31,0.9688,,0
Leonard Fournette,RB,5,60,0.7229,,1
Leroy Watson,TE,2,11,0.3235,,2
Lew Nichols,RB,1,1,0.0588,1,1
Lil'Jordan Humphrey,WR,4,46,0.6765,10,2
Logan Thomas,TE,3,44,0.88,,0
Logan Woodside,QB,1,1,0.0588,,1
Lucas Havrisik,K,2,12,0.3529,3,2
Lucas Krull,TE,3,23,0.451,3,2
Lucky Jackson,WR,1,3,0.1765,,1
Luke Farrell,TE,4,55,0.8088,17,1
Luke McCaffrey,WR,2,26,0.7647,9,1
Luke Musgrave,TE,3,35,0.6863,17,2
Luke Schoonmaker,TE,3,51,1.0,17,0
Luther Burden,WR,1,15,0.8824,15,0
Lynn Bowden,WR,1,15,0.8824,,0
MIA Defense,DEF,4,66,0.9706,17,0
MIN Defense,DEF,4,65,0.9559,17,0
Mac Jones,QB,5,63,0.7412,11,3
Mack Hollins,WR,4,61,0.8971,15,0
Malachi Corley,WR,2,22,0.6471,13,1
Malcolm Brown,RB,1,6,0.3529,,1
Malik Cunningham,WR,2,3,0.0882,1,2
Malik Davis,RB,3,19,0.3725,10,3
Malik Heath,WR,3,37,0.7255,11,1
Malik Nabers,WR,2,19,0.5588,4,1
Malik Taylor,WR,1,3,0.1765,,1
Malik Turner,WR,1,3,0.1765,3,1
Malik Washington,WR,2,31,0.9118,17,0
Malik Willis,QB,4,19,0.2794,4,4
MarShawn Lloyd,RB,1,1,0.0588,,1
Marcedes Lewis,TE,4,45,0.6618,5,2
Marcus Johnson,WR,1,4,0.2353,,1
Marcus Mariota,QB,7,74,0.6379,11,3
Mark Andrews,TE,7,105,0.8974,17,1
Mark Ingram,RB,5,69,0.8519,,1
Marlon Mack,RB,3,31,0.6327,,1
Marqise Lee,WR,1,16,1.0,,0
Marquez Callaway,WR,4,30,0.4412,,3
Marquez Valdes-Scantling,WR,4,55,0.8088,10,1
Marquise Brown,WR,6,76,0.7525,16,1
Marquise Goodwin,WR,3,38,0.76,,1
Marshawn Lynch,RB,1,15,0.9375,,0
Martellus Bennett,TE,1,16,1.0,,0
Marvin Harrison,WR,2,29,0.8529,12,0
Marvin Jones,WR,7,97,0.8435,,1
Marvin Mims,WR,3,48,0.9412,15,0
Mason Crosby,K,2,20,0.5882,,1
Mason Kinsey,WR,4,23,0.3382,10,4
Mason Rudolph,QB,4,28,0.4179,6,4
Mason Schreck,TE,1,2,0.1176,,1
Mason Taylor,TE,1,13,0.7647,13,0
Mason Tipton,WR,2,25,0.7353,14,1
Matt Ammendola,K,2,9,0.2647,,2
Matt Barkley,QB,1,1,0.0588,,1
Matt Breida,RB,3,47,0.94,,0
Matt Bushman,TE,1,1,0.0588,,1
Matt Forte,RB,1,14,0.875,,0
Matt Gay,K,4,62,0.9118,12,0
Matt Prater,K,4,48,0.7059,15,1
Matt Ryan,QB,7,108,0.9474,,0
Matt Sokol,TE,1,3,0.1765,,1
Matthew Golden,WR,1,14,0.8235,14,0
Matthew Slater,WR,1,16,0.9412,,0
Matthew Stafford,QB,10,146,0.8848,17,2
Matthew Wright,K,4,16,0.2353,4,4
Maurice Alexander,WR,3,5,0.098,1,3
Max Brosmer,QB,1,7,0.4118,7,1
Maxx Williams,TE,1,2,0.1176,,1
Mecole Hardman,WR,4,33,0.4853,2,3
Melvin Gordon,RB,8,97,0.7405,,2
Michael Badgley,K,3,26,0.5098,9,2
Michael Bandy,WR,3,10,0.1961,4,3
Michael Carter,RB,5,61,0.7176,13,1
Michael Crabtree,WR,2,30,0.9375,,0
Michael Gallup,WR,4,60,0.9091,,0
Michael Mayer,TE,3,38,0.7451,13,1
Michael Penix,QB,2,14,0.4118,9,2
Michael Pittman,WR,4,65,0.9559,17,0
Michael Pittman Jr.,WR,1,17,1.0,,0
Michael Strachan,WR,2,6,0.1765,,2
Michael Thomas,WR,6,76,0.7755,,2
Michael Wilson,WR,3,46,0.902,17,0
Michael Woods,WR,2,10,0.2941,,2
Mike Boone,RB,3,22,0.4314,,3
Mike Davis,RB,3,35,0.7143,,1
Mike Evans,WR,10,146,0.8848,8,1
Mike Gesicki,TE,6,92,0.92,13,0
Mike Gillislee,RB,1,15,0.9375,,0
Mike Thomas,WR,1,2,0.1176,,1
Mike Wallace,WR,1,16,1.0,,0
Mike White,QB,3,11,0.2157,,3
Mike Williams,WR,6,80,0.8,,1
Miles Boykin,WR,2,19,0.5588,,1
Miles Sanders,RB,6,76,0.76,4,2
Mitch Tinsley,WR,2,19,0.5588,17,1
Mitchell Evans,TE,1,17,1.0,17,0
Mitchell Trubisky,QB,8,76,0.5758,4,5
Mitchell Wilcox,TE,3,28,0.549,,2
Mo Alie-Cox,TE,4,61,0.8971,17,1
Mohamed Ibrahim,RB,1,1,0.0588,,1
Mohamed Sanu,WR,2,31,0.9688,,0
Moliki Matavao,TE,1,6,0.3529,6,1
Montrell Washington,WR,3,13,0.2549,,3
MyCole Pruitt,TE,3,38,0.7451,,1
Myles Gaskin,RB,6,38,0.3762,1,5
Myles Price,WR,1,16,0.9412,16,0
N'Keal Harry,TE,2,15,0.4412,,2
NE Defense,DEF,4,68,1.0,17,0
NO Defense,DEF,4,68,1.0,17,0
NYG Defense,DEF,4,66,0.9706,17,0
NYJ Defense,DEF,4,67,0.9853,17,0
Najee Harris,RB,5,71,0.8353,3,1
Nate Adkins,TE,3,36,0.7059,9,2
Nathan Carter,RB,1,7,0.4118,7,1
Nathan Peterman,QB,2,3,0.0882,,2
Nelson Agholor,WR,5,73,0.8795,,1
Nick Chubb,RB,8,100,0.7519,15,2
Nick Foles,QB,1,2,0.1176,,1
Nick Folk,K,4,63,0.9265,16,0
Nick Kallerup,TE,1,9,0.5294,9,1
Nick Mullens,QB,6,36,0.36,5,6
Nick Muse,TE,2,6,0.1765,,2
Nick Sciba,K,1,1,0.0588,,1
Nick Vannett,TE,4,40,0.5882,10,3
Nick Westbrook-Ikhine,WR,4,57,0.8382,15,1
Nico Collins,WR,4,52,0.7647,15,1
Nikko Remigio,WR,2,19,0.5588,14,1
Nikola Kalinic,TE,2,4,0.1176,2,2
Noah Brown,WR,4,40,0.5882,4,3
Noah Fant,TE,4,62,0.9118,15,0
Noah Gray,TE,4,67,0.9853,16,0
Noah Togiai,TE,1,1,0.0588,,1
Nsimba Webster,WR,1,1,0.0588,,1
Nyheim Hines,RB,1,16,1.0,,0
Nyheim Miller-Hines,RB,2,18,0.5294,4,1
O.J. Howard,TE,2,17,0.5152,,2
Odell Beckham,WR,2,23,0.6765,,1
Odell Beckham Jr.,WR,3,44,0.9167,,0
Olamide Zaccheaus,WR,4,65,0.9559,16,0
Ollie Gordon,RB,1,17,1.0,17,0
Omarion Hampton,RB,1,9,0.5294,9,1
Orleans Darkwa,RB,1,15,0.9375,,0
Oronde Gadsden,TE,1,15,0.8824,15,0
Owen Wright,RB,2,4,0.1176,3,2
P.J. Walker,QB,2,11,0.3235,,2
PHI Defense,DEF,4,68,1.0,17,0
PIT Defense,DEF,4,66,0.9706,17,0
Parker Hesse,TE,3,17,0.3333,,3
Parker Romo,K,2,11,0.3235,7,2
Parker Washington,WR,3,42,0.8235,16,1
Parris Campbell,WR,4,34,0.5,1,2
Pat Bryant,WR,1,15,0.8824,15,0
Pat Freiermuth,TE,4,60,0.8824,17,0
Patrick Mahomes,QB,8,125,0.9398,14,0
Patrick Taylor,RB,3,28,0.549,,2
Paul Richardson,WR,1,16,1.0,,0
Payne Durham,TE,3,46,0.902,17,0
Penny Hart,WR,1,3,0.1765,,1
Peyton Barber,RB,1,16,1.0,,0
Peyton Hendershot,TE,3,22,0.4314,,3
Pharaoh Brown,TE,4,45,0.6618,7,2
Pharoh Cooper,WR,1,2,0.1176,,1
Phil Mafah,RB,1,1,0.0588,1,1
Philip Rivers,QB,6,83,0.8557,3,1
Phillip Dorsett,WR,2,12,0.3529,,2
Phillip Lindsay,RB,3,34,0.6939,,1
Pierre Garcon,WR,1,16,1.0,,0
Pierre Strong,RB,3,35,0.6863,,1
Princeton Fant,TE,3,11,0.2157,1,3
Puka Nacua,WR,3,44,0.8627,16,1
Qadree Ollison,RB,1,2,0.1176,,1
Quentin Johnston,WR,3,46,0.902,14,0
Quentin Skinner,WR,1,1,0.0588,1,1
Quez Watkins,WR,2,21,0.6176,,1
Quincy Enunwa,WR,1,16,1.0,,0
Quinn Ewers,QB,1,4,0.2353,4,1
Quinshon Judkins,RB,1,15,0.8824,15,0
Quintez Cephus,WR,1,1,0.0588,,1
Quintin Morris,TE,4,50,0.7353,14,1
RJ Harvey,RB,1,17,1.0,17,0
Racey McMath,WR,1,3,0.1765,,1
Rachaad White,RB,4,66,0.9706,17,0
Raheem Blackshear,RB,3,37,0.7255,,1
Raheem Mostert,RB,5,72,0.8571,12,0
Raheim Sanders,RB,1,4,0.2353,4,1
Rakim Jarrett,WR,2,20,0.5882,,2
Ramel Keyton,WR,1,8,0.4706,,1
Randall Cobb,WR,2,23,0.6765,,1
Randy Bullock,K,2,21,0.6176,,1
Rashaad Penny,RB,3,18,0.3529,,3
Rashee Rice,WR,3,28,0.549,8,2
Rasheen Ali,RB,2,21,0.6176,15,1
Rashid Shaheed,WR,4,49,0.7206,17,2
Rashod Bateman,WR,4,51,0.75,13,1
Ray Davis,RB,2,34,1.0,17,0
Ray-Ray McCloud,WR,4,47,0.6912,6,1
Reggie Bonnafon,RB,1,1,0.0588,,1
Reggie Gilliam,RB,4,54,0.7941,17,1
Rex Burkhead,RB,1,15,0.8824,,0
Rhamondre Stevenson,RB,4,58,0.8529,14,0
Richard Rodgers,TE,1,1,0.0588,,1
Richie James,WR,2,22,0.6471,,1
Ricky Pearsall,WR,2,20,0.5882,9,2
Ricky White,WR,1,2,0.1176,2,1
Rico Dowdle,RB,3,49,0.9608,17,0
Riley Leonard,QB,1,5,0.2941,5,1
Riley Patterson,K,4,54,0.7941,17,1
Rishard Matthews,WR,2,30,0.9375,,0
River Cracraft,WR,4,25,0.3676,2,4
Rob Gronkowski,TE,4,55,0.8462,,0
Robbie Chosen,WR,8,85,0.6439,3,4
Robbie Gould,K,1,17,1.0,,0
Robbie Ouzts,RB,1,12,0.7059,12,0
Robert Kelley,RB,1,15,0.9375,,0
Robert Tonyan,TE,5,72,0.8571,17,1
Robert Woods,WR,7,104,0.9043,,0
Rodney Williams,TE,2,19,0.5588,,1
Rodrigo Blankenship,K,1,2,0.1176,,1
Roman Wilson,WR,2,14,0.4118,13,1
Rome Odunze,WR,2,29,0.8529,12,0
Romeo Doubs,WR,4,57,0.8382,16,1
Ronald Jones,RB,1,5,0.2941,,1
Ronald Jones II,RB,2,30,0.9375,,0
Rondale Moore,WR,2,24,0.7059,,1
Ronnie Bell,WR,3,28,0.549,2,2
Ronnie Rivers,RB,4,39,0.5735,11,3
Roschon Johnson,RB,3,36,0.7059,7,1
Ross Dwelley,TE,4,43,0.6324,11,2
Royce Freeman,RB,2,18,0.5294,,1
Russell Gage,WR,2,14,0.4118,1,1
Russell Wilson,QB,10,141,0.8545,6,2
Ryan Fitzgerald,K,1,17,1.0,17,0
Ryan Fitzpatrick,QB,4,46,0.7188,,2
Ryan Flournoy,WR,2,27,0.7941,16,1
Ryan Mathews,RB,1,13,0.8125,,0
Ryan Miller,WR,3,25,0.4902,13,2
Ryan Succop,K,1,16,0.9412,,0
Ryan Tannehill,QB,7,91,0.7913,,2
SEA Defense,DEF,4,68,1.0,17,0
SF Defense,DEF,4,67,0.9853,17,0
SaRodorick Thompson,RB,1,1,0.0588,,1
Sal Cannella,TE,1,2,0.1176,2,1
Salvon Ahmed,RB,2,14,0.4118,,2
Sam Bradford,QB,1,15,0.9375,,0
Sam Darnold,QB,8,100,0.7519,17,2
Sam Ehlinger,QB,2,5,0.1471,,2
Sam Howell,QB,3,21,0.4118,,2
Sam LaPorta,TE,3,42,0.8235,9,1
Samaje Perine,RB,4,64,0.9412,15,0
Sammy Watkins,WR,2,23,0.697,,1
Samori Toure,WR,3,16,0.3137,1,3
Saquon Barkley,RB,8,106,0.797,16,1
Savion Williams,WR,1,12,0.7059,12,0
Scotty Miller,WR,4,52,0.7647,13,1
Sean Clifford,QB,1,2,0.1176,,1
Sean McKeon,TE,3,12,0.2353,1,3
Sean Tucker,RB,3,45,0.8824,17,1
Shane Buechele,QB,1,1,0.0588,1,1
Shane Zylstra,TE,3,24,0.4706,6,2
Shedeur Sanders,QB,1,8,0.4706,8,1
Shedrick Jackson,WR,2,10,0.2941,5,2
Shi Smith,WR,1,11,0.6471,,1
Simi Fehoko,WR,4,24,0.3529,8,4
Sincere McCormick,RB,1,5,0.2941,,1
Sione Vaki,RB,2,27,0.7941,11,1
Skylar Thompson,QB,2,8,0.2353,,2
Skyy Moore,WR,4,49,0.7206,17,1
Snoop Conner,RB,1,5,0.2941,,1
Sony Michel,RB,4,55,0.8333,,1
Spencer Brown,RB,1,2,0.1176,,1
Spencer Rattler,QB,2,16,0.4706,9,2
Spencer Shrader,K,2,9,0.2647,5,2
Spencer Ware,RB,1,14,0.875,,0
Stanley Morgan,WR,1,3,0.1765,,1
Stefon Diggs,WR,10,149,0.903,17,1
Stephen Anderson,TE,2,5,0.1471,,2
Stephen Carlson,TE,2,3,0.0882,2,2
Stephen Sullivan,TE,3,14,0.2745,,3
Sterling Shepard,WR,6,77,0.77,13,1
Steve Smith Sr.,WR,1,14,0.875,,0
Steven Sims,WR,4,24,0.3529,3,4
Stone Smartt,TE,4,49,0.7206,15,1
T.J. Hockenson,TE,5,73,0.869,15,1
T.J. Yeldon,RB,1,14,0.875,,0
T.Y. Hilton,WR,4,49,0.7538,,1
TB Defense,DEF,4,67,0.9853,17,0
TEN Defense,DEF,4,65,0.9559,17,0
Tahj Brooks,RB,1,16,0.9412,16,0
Tahj Washington,WR,1,6,0.3529,6,1
Tai Felton,WR,1,17,1.0,17,0
Taiwan Jones,RB,1,2,0.1176,,1
Tank Bigsby,RB,3,50,0.9804,17,0
Tank Dell,WR,2,25,0.7353,,1
Tanner Conner,TE,3,20,0.3922,9,3
Tanner Hudson,TE,4,43,0.6324,15,2
Tanner McKee,QB,2,6,0.1765,4,2
Tanner McLachlan,TE,1,2,0.1176,,1
Tarik Cohen,RB,1,16,1.0,,0
Tay Martin,WR,3,5,0.098,3,3
Taylor Bertolet,K,1,2,0.1176,,1
Taylor Heinicke,QB,4,34,0.5,,3
Taysom Hill,TE,7,97,0.8291,13,1
Teagan Quitoriano,TE,4,35,0.5147,17,3
Ted Ginn Jr.,WR,1,15,0.9375,,0
Teddy Bridgewater,QB,5,37,0.4405,4,3
Tee Higgins,WR,6,84,0.8317,15,0
Tejhaun Palmer,WR,1,1,0.0588,1,1
Terrace Marshall,WR,3,28,0.549,,2
Terrance Ferguson,TE,1,14,0.8235,14,0
Terrance West,RB,1,16,1.0,,0
Terrell Bynum,WR,1,1,0.0588,,1
Terrell Jennings,RB,2,10,0.2941,7,2
Terrelle Pryor,WR,1,16,1.0,,0
Terry McLaurin,WR,7,107,0.9145,10,1
Tetairoa McMillan,WR,1,17,1.0,17,0
Tevin Coleman,RB,5,60,0.7407,,1
Tez Johnson,WR,1,16,0.9412,16,0
Theo Johnson,TE,2,27,0.7941,15,0
Theo Riddick,RB,2,26,0.8125,,1
Theo Wease,WR,1,3,0.1765,3,1
Thomas Fidone,TE,1,7,0.4118,7,1
Thomas Odukoya,TE,1,2,0.1176,,1
Tim Boyle,QB,2,6,0.1765,,2
Tim Jones,WR,4,41,0.6029,4,2
Tim Patrick,WR,2,32,0.9412,16,0
Tip Reiman,TE,2,21,0.6176,4,1
Todd Gurley,RB,5,75,0.9375,,0
Tom Brady,QB,7,110,0.9649,,0
Tom Kennedy,WR,3,15,0.2941,6,3
Tommy DeVito,QB,2,12,0.3529,,2
Tommy Sweeney,TE,1,1,0.0588,,1
Tommy Tremble,TE,4,56,0.8235,17,1
Tony Jones,RB,3,11,0.2157,,3
Tony Pollard,RB,5,81,0.9529,17,0
Tory Horton,WR,1,8,0.4706,8,1
Trace McSorley,QB,1,5,0.2941,,1
Travis Etienne,RB,4,66,0.9706,17,0
Travis Homer,RB,4,44,0.6471,10,3
Travis Hunter,WR,1,7,0.4118,7,1
Travis Kelce,TE,10,159,0.9636,17,0
Travis Vokolek,TE,3,8,0.1569,5,3
Trayveon Williams,RB,4,45,0.6618,7,2
Tre Tucker,WR,3,50,0.9804,17,0
Tre' Harris,WR,1,17,1.0,17,0
Tre' McKitty,TE,2,12,0.3529,,2
Tre'Quan Smith,WR,2,9,0.2647,,2
TreVeyon Henderson,RB,1,17,1.0,17,0
Trent Sherfield,WR,4,61,0.8971,12,0
Trent Taylor,WR,3,24,0.4706,,2
Trenton Irwin,WR,3,32,0.6275,,2
Trestan Ebner,RB,1,4,0.2353,,1
Trevon Wesco,TE,2,18,0.5294,,1
Trevor Etienne,RB,1,17,1.0,17,0
Trevor Lawrence,QB,5,77,0.9059,17,1
Trevor Siemian,QB,4,32,0.4848,,3
Trey Benson,RB,2,17,0.5,4,1
Trey Burton,TE,1,16,1.0,,0
Trey Lance,QB,3,10,0.1961,4,3
Trey McBride,TE,4,59,0.8676,17,1
Trey Palmer,WR,2,32,0.9412,,0
Trey Sermon,RB,4,36,0.5294,4,2
Treylon Burks,WR,4,35,0.5147,8,4
Treyton Welch,TE,1,3,0.1765,3,1
Trishton Jackson,WR,2,9,0.2647,,2
Tristan Vizcaino,K,1,1,0.0588,,1
Troy Franklin,WR,2,33,0.9706,17,0
Troy Hairston,RB,2,6,0.1765,,2
Tua Tagovailoa,QB,6,78,0.7723,14,2
Tucker Fisk,TE,3,25,0.4902,10,3
Tucker Kraft,TE,3,42,0.8235,8,1
Tutu Atwell,WR,4,53,0.7794,10,2
Ty Chandler,RB,4,38,0.5588,3,2
Ty Johnson,RB,4,54,0.7941,17,2
Ty Montgomery,RB,2,14,0.4118,,1
Ty'Son Williams,RB,1,1,0.0588,,1
Tyjae Spears,RB,3,42,0.8235,13,0
Tylan Wallace,WR,4,46,0.6765,14,2
Tyler Allgeier,RB,4,67,0.9853,17,0
Tyler Badie,RB,3,20,0.3922,16,2
Tyler Bass,K,3,51,1.0,,0
Tyler Boyd,WR,7,110,0.9483,,0
Tyler Conklin,TE,4,62,0.9118,13,0
Tyler Davis,TE,1,3,0.1765,,1
Tyler Goodson,RB,3,33,0.6471,11,2
Tyler Higbee,TE,5,58,0.6905,10,2
Tyler Huntley,QB,4,20,0.2941,5,4
Tyler Johnson,WR,3,28,0.549,12,1
Tyler Kroft,TE,3,28,0.56,,2
Tyler Lockett,WR,8,131,0.985,17,0
Tyler Loop,K,1,17,1.0,17,0
Tyler Mabry,TE,2,3,0.0882,,2
Tyler Scott,WR,2,28,0.8235,,1
Tyler Shough,QB,1,11,0.6471,11,1
Tyler Warren,TE,1,17,1.0,17,0
Tyquan Thornton,WR,4,41,0.6029,14,2
Tyree Jackson,TE,1,2,0.1176,,1
Tyreek Hill,WR,10,145,0.8788,4,1
Tyreik McAllister,RB,1,3,0.1765,,1
Tyrell Shavers,WR,2,20,0.5882,17,1
Tyrell Williams,WR,1,16,1.0,,0
Tyrie Cleveland,WR,1,1,0.0588,,1
Tyrion Davis-Price,RB,3,7,0.1373,,3
Tyrod Taylor,QB,6,51,0.51,6,4
Tyron Billy-Johnson,WR,1,1,0.0588,,1
Tyrone Tracy,RB,2,32,0.9412,15,0
Tyson Bagent,QB,3,12,0.2353,3,3
Ulysses Bentley,RB,1,1,0.0588,1,1
Van Jefferson,WR,5,76,0.8941,16,1
Velus Jones,WR,4,33,0.4853,8,3
WAS Defense,DEF,4,68,1.0,17,0
Wan'Dale Robinson,WR,4,54,0.7941,16,1
Wayne Gallman,RB,1,15,0.9375,,0
Wil Lutz,K,4,65,0.9559,17,0
Will Dissly,TE,4,55,0.8088,9,1
Will Fuller,WR,1,11,0.6875,,1
Will Levis,QB,2,21,0.6176,,1
Will Mallory,TE,3,24,0.4706,2,2
Will Reichard,K,2,30,0.8824,17,0
Will Shipley,RB,2,31,0.9118,15,0
Willie Snead,WR,2,19,0.5758,,1
Woody Marks,RB,1,16,0.9412,16,0
Xavier Gipson,WR,3,41,0.8039,7,1
Xavier Hutchinson,WR,3,49,0.9608,17,0
Xavier Legette,WR,2,31,0.9118,15,0
Xavier Restrepo,WR,1,2,0.1176,2,1
Xavier Smith,WR,2,31,0.9118,16,0
Xavier Weaver,WR,2,12,0.3529,10,2
Xavier Worthy,WR,2,31,0.9118,14,0
Xazavian Valladay,RB,1,1,0.0588,,1
Younghoe Koo,K,4,53,0.7794,6,1
Zach Charbonnet,RB,3,49,0.9608,16,0
Zach Davidson,TE,2,3,0.0882,1,2
Zach Ertz,TE,9,123,0.8255,13,2
Zach Evans,RB,1,10,0.5882,,1
Zach Gentry,TE,2,13,0.3824,,1
Zach Horton,TE,1,2,0.1176,2,1
Zach Pascal,WR,3,41,0.8039,,1
Zach Wilson,QB,4,38,0.5588,4,2
Zack Kuntz,TE,2,2,0.0588,,2
Zack Moss,RB,3,35,0.6863,,1
Zaire Mitchell-Paden,TE,1,8,0.4706,8,1
Zamir White,RB,4,39,0.5735,6,3
Zander Horvath,RB,1,6,0.3529,,1
Zane Gonzalez,K,2,15,0.4412,9,2
Zavier Scott,RB,1,16,0.9412,16,0
Zay Flowers,WR,3,50,0.9804,17,0
Zay Jones,WR,5,60,0.7143,8,3
Zonovan Knight,RB,3,21,0.4118,12,2
