full_name,team,position
A.J. Brown,NE,WR
Aaron Jones Sr.,MIN,RB
Aaron Rodgers,PIT,QB
Adam Prentice,DEN,RB
Adam Trautman,DEN,TE
Adonai Mitchell,NYJ,WR
Ahmani Marshall,CAR,RB
Aidan O'Connell,LV,QB
Aj Barner,SEA,TE
Aj Dillon,CAR,RB
Al-Jay Henderson,NYJ,RB
Alec Ingold,LAC,RB
Alec Pierce,IND,WR
Alex Bachman,LAR,WR
Alvin Kamara,NO,RB
Amar Johnson,LAC,RB
Ameer Abdullah,JAX,RB
Amon-Ra St. Brown,DET,WR
Anderson Castle,IND,RB
Andre Szmyt,CLE,K
Andrei Iosivas,CIN,WR
Andrew Armstrong,KC,WR
Andrew Beck,NYJ,RB
Andy Borregales,NE,K
Andy Dalton,PHI,QB
Anthony Gould,IND,WR
Anthony Richardson Sr.,IND,QB
Anthony Smith,DAL,WR
Anthony Tyus Iii,CAR,RB
Antonio Williams,WAS,WR
Antwane Wells Jr.,ATL,WR
Arian Smith,NYJ,WR
Ashton Dulin,IND,WR
Ashton Jeanty,LV,RB
Athan Kaliakmanis,WAS,QB
Audric Estimé,NO,RB
Austin Hooper,ATL,TE
Austin Trammell,JAX,WR
Bailey Zappe,NYJ,QB
Baker Mayfield,TB,QB
Bam Knight,ARI,RB
Barion Brown,NO,WR
Bauer Sharp,TB,TE
Behren Morton,NE,QB
Ben Sinnott,WAS,TE
Ben Skowronek,PIT,WR
Ben Vansumeren,KC,TE
Ben Yurosek,MIN,TE
Bhayshul Tuten,JAX,RB
Bijan Robinson,ATL,RB
Blake Corum,LAR,RB
Blake Grupe,NYJ,K
Blake Whiteheart,CLE,TE
Bo Melton,GB,WR
Bo Nix,DEN,QB
Brady Cook,MIA,QB
Brady Russell,SEA,RB
Braelon Allen,NYJ,RB
Brandon Aubrey,DAL,K
Brandon Johnson,PIT,WR
Brandon Smith,PIT,WR
Brashard Smith,KC,RB
Braxton Berrios,NYG,WR
Brayden Willis,SF,TE
Breece Hall,NYJ,RB
Brenen Thompson,LAC,WR
Brennan Presley,LAR,WR
Brenton Strange,JAX,TE
Brevin Jordan,HOU,TE
Brevyn Spann-Ford,DAL,TE
Brian Robinson,ATL,RB
Brian Thomas Jr.,JAX,WR
Britain Covey,PHI,WR
British Brooks,HOU,RB
Brock Bowers,LV,TE
Brock Purdy,SF,QB
Brock Wright,DET,TE
Bryce Lance,NO,WR
Bryce Oliver,CLE,WR
Bryce Young,CAR,QB
Brycen Tremayne,CAR,WR
Bucky Irving,TB,RB
C.J. Stroud,HOU,QB
Cade Klubnik,NYJ,QB
Cade Otton,TB,TE
Cade Stover,HOU,TE
Cairo Santos,CHI,K
Caleb Douglas,MIA,WR
Caleb Williams,CHI,QB
Calvin Ridley,TEN,WR
Cam Grandy,MIN,TE
Cam Little,JAX,K
Cam Skattebo,NYG,RB
Cam Ward,TEN,QB
Camden Brown,DAL,WR
Cameron Dicker,LAC,K
Cameron Dorner,NE,WR
Cameron Latu,NE,TE
Carlos Washington Jr.,MIA,RB
Carnell Tate,TEN,WR
Carsen Ryan,CLE,TE
Carson Beck,ARI,QB
Carson Steele,PHI,RB
Carson Wentz,MIN,QB
Case Keenum,CHI,QB
Casey Washington,CAR,WR
Cash Jones,ATL,RB
Cedric Tillman,NO,WR
Ceedee Lamb,DAL,WR
Chad Ryland,ARI,K
Charlie Jones,NYG,WR
Charlie Kolar,LAC,TE
Charlie Smyth,NO,K
Charlie Woerner,ATL,TE
Chase Brown,CIN,RB
Chase Mclaughlin,TB,K
Chig Okonkwo,WAS,TE
Chimere Dike,TEN,WR
Chris Bell,MIA,WR
Chris Blair,ATL,WR
Chris Boswell,PIT,K
Chris Brooks,GB,RB
Chris Godwin Jr.,TB,WR
Chris Hilton Jr.,GB,WR
Chris Manhertz,NYG,TE
Chris Moore,BAL,WR
Chris Myarick,LV,TE
Chris Olave,NO,WR
Chris Rodriguez Jr.,JAX,RB
Christian Mccaffrey,SF,RB
Christian Watson,GB,WR
Chuba Hubbard,CAR,RB
Cj Daniels,LAR,WR
Cj Dippre,TB,TE
Cj Donaldson,NO,RB
Cj Williams,JAX,WR
Cody Schrader,DEN,RB
Cody White,LV,WR
Colbie Young,CIN,WR
Colby Parkinson,LAR,TE
Cole Kmet,CHI,TE
Cole Payton,PHI,QB
Cole Wr Burgess,PIT,WR
Colson Yankoff,WAS,TE
Colston Loveland,CHI,TE
Connor Heyward,LV,RB
Cooper Kupp,SEA,WR
Cooper Rush,ATL,QB
Corey Kiner,NE,RB
Courtland Sutton,DEN,WR
Craig Reynolds,WAS,RB
Cyrus Allen,KC,WR
D'Andre Swift,CHI,RB
Dak Prescott,DAL,QB
Dalen Cambre,NYG,WR
Dallas Goedert,PHI,TE
Dallen Bentley,DEN,TE
Dalton Kincaid,BUF,TE
Dalton Schultz,HOU,TE
Dameon Pierce,PHI,RB
Dan Villari,LAR,TE
Dane Key,DEN,WR
Daniel Bellinger,TEN,TE
Daniel Carlson,NO,K
Daniel Jones,IND,QB
Daniel Sobkowicz,HOU,WR
Danny Gray,PHI,WR
Dare Ogunbowale,LV,RB
Dareke Young,LV,WR
Darius Cooper,PHI,WR
Darius Slayton,NYG,WR
Darnell Mooney,NYG,WR
Darnell Washington,PIT,TE
Darren Waller,CAR,TE
Davante Adams,LAR,WR
David Martin-Robinson,TEN,TE
David Montgomery,HOU,RB
David Moore,CAR,WR
David Njoku,LAC,TE
Davis Allen,LAR,TE
Davis Mills,HOU,QB
Davon Booth,IND,RB
Dawson Knox,BUF,TE
De'Von Achane,MIA,RB
De'Zhaun Stribling,SF,WR
Dean Connors,LAR,RB
Dean Patterson Iv,TB,WR
Deebo Samuel Sr.,SF,WR
Deejay Dallas,MIN,RB
Deion Burks,IND,WR
Demarcus Robinson,SF,WR
Demario Douglas,NE,WR
Demond Claiborne,MIN,RB
Denzel Boston,CLE,WR
Derius Davis,LAC,WR
Derrick Henry,BAL,RB
Deshaun Watson,CLE,QB
Devaughn Vele,NO,WR
Deven Thompkins,LV,WR
Devin Duvernay,ARI,WR
Devin Singletary,NYG,RB
Devonta Smith,PHI,WR
Devontez Walker,BAL,WR
Dillon Bell,MIN,WR
Dj Giddens,IND,RB
Dj Herman,MIA,RB
Dj Moore,BUF,WR
Dj Uiagalelei,LAC,QB
Dk Metcalf,PIT,WR
Dohnte Meyers,CIN,WR
Dominic Lovett,DET,WR
Dominic Zvada,NYG,K
Dontayvion Wicks,PHI,WR
Drake Dabney,GB,TE
Drake London,ATL,WR
Drake Maye,NE,QB
Drew Allar,PIT,QB
Drew Lock,SEA,QB
Drew Ogletree,IND,TE
Drew Sample,CIN,TE
Drew Stevens,WAS,K
Durham Smythe,BAL,TE
Dyami Brown,WAS,WR
Dylan Drummond,ATL,WR
Dylan Laube,LV,RB
Dylan Sampson,CLE,RB
E.J. Jenkins,PHI,TE
Easton Stick,TB,QB
Eddy Piñeiro,SF,K
Efton Chism Iii,NE,WR
Eli Heidenreich,PIT,RB
Eli Raridon,NE,TE
Eli Stowers,PHI,TE
Elic Ayomanor,TEN,WR
Elijah Arroyo,SEA,TE
Elijah Higgins,ARI,TE
Elijah Moore,PHI,WR
Elijah Sarratt,BAL,WR
Emanuel Wilson,SEA,RB
Emari Demercado,DAL,RB
Emeka Egbuka,TB,WR
Emmanuel Henderson Jr.,SEA,WR
Emmett Johnson,KC,RB
Eric Rivers Jr.,TB,WR
Eric Saubert,SEA,TE
Erick All Jr.,CIN,TE
Evan Engram,DEN,TE
Evan Hull,ARI,RB
Evan Mcpherson,CIN,K
Evan Svoboda,LAC,TE
Feleipe Franks,CAR,TE
Fernando Mendoza,LV,QB
Foster Moreau,HOU,TE
Frank Gore Jr.,BUF,RB
Gardner Minshew Ii,ARI,QB
Garrett Greene,TB,WR
Garrett Nussmeier,KC,QB
Garrett Wilson,NYJ,WR
Gary Jennings,LAC,WR
Gavin Bartholomew,MIN,TE
Geno Smith,NYJ,QB
George Holani,SEA,RB
George Kittle,SF,TE
George Pickens,DAL,WR
Germie Bernard,PIT,WR
Grant Finley,NYG,RB
Greg Dortch,BUF,WR
Greg Dulcich,MIA,TE
Gregory Desrosiers,LAC,RB
Gunnar Helm,TEN,TE
Harold Fannin Jr.,CLE,TE
Harrison Butker,KC,K
Harrison Mevis,LAR,K
Harrison Wallace Iii,ARI,WR
Hassan Haskins,NE,RB
Hayden Rucci,JAX,TE
Haynes King,CAR,QB
Hendon Hooker,TEN,QB
Hollywood Brown,PHI,WR
Hunter Henry,NE,TE
Hunter Long,ARI,TE
Hunter Luepke,DAL,RB
Ian Thomas,LV,TE
Ihmir Smith-Marsette,ARI,WR
Isaac Teslaa,DET,WR
Isaiah Bond,CLE,WR
Isaiah Davis,NYJ,RB
Isaiah Likely,NYG,TE
Isaiah Neyor,GB,WR
Isaiah Williams,NYJ,WR
Israel Abanikanda,DAL,RB
J'Mari Taylor,JAX,RB
J. Michael Sturdivant,GB,WR
J.J. Mccarthy,MIN,QB
J.K. Dobbins,DEN,RB
Ja'Kobi Lane,BAL,WR
Ja'Marr Chase,CIN,WR
Ja'Mori Maclin,BUF,WR
Ja'Seem Reed,CAR,WR
Ja'Tavion Sanders,CAR,TE
Jacardia Wright,SEA,RB
Jack Bech,LV,WR
Jack Endries,CIN,TE
Jack Strand,ATL,QB
Jack Velling,ATL,TE
Jack Westover,WAS,TE
Jackson Hawes,BUF,TE
Jackson Meeks,DET,TE
Jacob Cowing,SF,WR
Jacob Saylors,DET,RB
Jacoby Brissett,ARI,QB
Jacory Croskey-Merritt,WAS,RB
Jadarian Price,SEA,RB
Jaden Bradley,WAS,WR
Jahan Dotson,ATL,WR
Jahdae Walker,CHI,WR
Jahmyr Gibbs,DET,RB
Jake Bates,DET,K
Jake Briningstool,KC,TE
Jake Elliott,PHI,K
Jake Ferguson,DAL,TE
Jake Haener,NYG,QB
Jake Moody,BAL,K
Jake Tonges,SF,TE
Jakobi Meyers,JAX,WR
Jaleel Mclaughlin,CLE,RB
Jalen Brooks,ARI,WR
Jalen Coker,CAR,WR
Jalen Hurts,PHI,QB
Jalen Mcmillan,TB,WR
Jalen Milroe,SEA,QB
Jalen Moreno-Cropper,NO,WR
Jalen Nailor,LV,WR
Jalen Reagor,MIA,WR
Jalen Royals,KC,WR
Jalen Tolbert,MIA,WR
Jalin Hyatt,NYG,WR
Jalon Daniels,TB,QB
Jamaal Pritchett,NYJ,WR
Jameis Winston,NYG,QB
James Cook Iii,BUF,RB
James Mitchell,DAL,TE
Jameson Williams,DET,WR
Jared Goff,DET,QB
Jared Wayne,HOU,WR
Jared Wiley,KC,TE
Jarquez Hunter,MIA,RB
Jarrett Stidham,DEN,QB
Jason Myers,SEA,K
Jason Sanders,NYJ,K
Jauan Jennings,MIN,WR
Javonte Williams,DAL,RB
Jawhar Jordan,HOU,RB
Jaxon Smith-Njigba,SEA,WR
Jaxson Dart,NYG,QB
Jayden Daniels,WAS,QB
Jayden Reed,GB,WR
Jaydn Ott,KC,RB
Jaydon Blue,PHI,RB
Jaylen Waddle,DEN,WR
Jaylen Warren,PIT,RB
Jaylen Wright,MIA,RB
Jaylin Lane,WAS,WR
Jaylin Noel,HOU,WR
Jelani Woods,NYJ,TE
Jeremiyah Love,ARI,RB
Jeremy Ruckert,NYJ,TE
Jerry Jeudy,CLE,WR
Jimmy Horn Jr.,CAR,WR
Joe Burrow,CIN,QB
Joe Fagnano,BAL,QB
Joe Flacco,CIN,QB
Joe Milton Iii,DAL,QB
Joel Wilson,TEN,TE
Joey Aguilar,JAX,QB
Joey Slye,TEN,K
John Bates,WAS,TE
John Metchie Iii,CAR,WR
Johnny Mundt,PHI,TE
Jonah Coleman,DEN,RB
Jonathan Mingo,DAL,WR
Jonathan Taylor,IND,RB
Jonathan Ward,BAL,RB
Jonathon Brooks,CAR,RB
Jonnu Smith,GB,TE
Jordan Addison,MIN,WR
Jordan Hudson,DAL,WR
Jordan James,SF,RB
Jordan Love,GB,QB
Jordan Mason,MIN,RB
Jordan Moore,CIN,WR
Jordan Waters,LAR,RB
Jordan Watkins,SF,WR
Jordan Whittington,LAR,WR
Josh Allen,BUF,QB
Josh Cameron,JAX,WR
Josh Cuevas,BAL,TE
Josh Downs,IND,WR
Josh Johnson,CIN,QB
Josh Kelly,HOU,WR
Josh Oliver,MIN,TE
Josh Whyle,GB,TE
Josh Williams,TB,RB
Joshua Dobbs,DET,QB
Joshua Palmer,BUF,WR
Joshua Simon,WAS,TE
Jp Richardson,CHI,WR
Julian Hicks,SEA,WR
Julius Chestnut,TEN,RB
Justice Hill,BAL,RB
Justin Fields,KC,QB
Justin Herbert,LAC,QB
Justin Jefferson,MIN,WR
Justin Joly,MIA,TE
Juwan Johnson,NO,TE
K.J. Osborn,TEN,WR
Ka'Imi Fairbairn,HOU,K
Kaden Davis,CHI,WR
Kaden Wetjen,PIT,WR
Kaelon Black,SF,RB
Kaleb Johnson,GB,RB
Kalel Mullings,TEN,RB
Kalif Raymond,CHI,WR
Kameron Johnson,TB,WR
Kansei Matsuzawa,LV,K
Kavontae Turpin,DAL,WR
Kayshon Boutte,HOU,WR
Kaytron Allen,WAS,RB
Kc Concepcion,CLE,WR
Ke'Shawn Williams,CIN,WR
Keandre Lambert-Smith,LAC,WR
Keaton Mitchell,LAC,RB
Kedon Slovis,GB,QB
Keenan Allen,IND,WR
Keleki Latu,BUF,TE
Kendall Milton,CIN,RB
Kendre Miller,NO,RB
Kendrick Bourne,ARI,WR
Kene Nwangwu,NYJ,RB
Kenneth Walker,KC,RB
Kenny Gainwell,TB,RB
Kenny Pickett,CAR,QB
Kentrel Bullock,CIN,RB
Kenyon Sadiq,NYJ,TE
Keon Coleman,BUF,WR
Kevin Austin Jr.,NO,WR
Kevin Coleman Jr.,MIA,WR
Khadarel Hodge,SF,WR
Khalil Dinkins,SF,TE
Khalil Shakir,BUF,WR
Kimani Vidal,LAC,RB
Kirk Cousins,LV,QB
Ko Kieft,TB,TE
Kolbe Katsis,DEN,WR
Kole Wilson,CLE,WR
Konata Mumpfield,LAR,WR
Kurtis Rourke,SF,QB
Kyle Allen,BUF,QB
Kyle Dixon,NE,WR
Kyle Juszczyk,SF,RB
Kyle Mccord,MIA,QB
Kyle Monangai,CHI,RB
Kyle Pitts Sr.,ATL,TE
Kyle Williams,NE,WR
Kylen Granson,TEN,TE
Kyler Murray,MIN,QB
Kyren Williams,LAR,RB
Ladd Mcconkey,LAC,WR
Lajohntay Wester,BAL,WR
Lake Mcree,PIT,TE
Lamar Jackson,BAL,QB
Lan Larison,NE,RB
Laquon Treadwell,IND,WR
Lenny Krieg,GB,K
Lequint Allen Jr.,JAX,RB
Lew Nichols,PIT,RB
Lewis Bond,HOU,WR
Lil'Jordan Humphrey,DEN,WR
Lucas Krull,DEN,TE
Lucky Jackson,DET,WR
Luke Altmyer,DET,QB
Luke Farrell,SF,TE
Luke Mccaffrey,WAS,WR
Luke Schoonmaker,DAL,TE
Luther Burden Iii,CHI,WR
Mac Jones,SF,QB
Mack Hollins,NE,WR
Makai Lemon,PHI,WR
Malachi Corley,CLE,WR
Malachi Fields,NYG,WR
Malik Benson,LV,WR
Malik Davis,DAL,RB
Malik Mcclain,NYJ,WR
Malik Nabers,NYG,WR
Malik Washington,MIA,WR
Malik Willis,MIA,QB
Marcus Mariota,WAS,QB
Mark Andrews,BAL,TE
Mark Redman,GB,TE
Marlin Klein,HOU,TE
Marshawn Lloyd,GB,RB
Marvin Harrison Jr.,ARI,WR
Marvin Mims Jr.,DEN,WR
Mason Rudolph,PIT,QB
Mason Taylor,NYJ,TE
Matt Gay,LV,K
Matt Hibner,BAL,TE
Matthew Golden,GB,WR
Matthew Stafford,LAR,QB
Max Bredeson,MIN,RB
Max Brosmer,MIN,QB
Max Hurleman,PIT,WR
Max Klare,LAR,TE
Messiah Swinson,CLE,TE
Michael Bandy,DEN,WR
Michael Briscoe,MIN,WR
Michael Burton,CLE,RB
Michael Carter,TEN,RB
Michael Mayer,LV,TE
Michael Penix Jr.,ATL,QB
Michael Pittman Jr.,PIT,WR
Michael Trigg,DAL,TE
Michael Wilson,ARI,WR
Michael Wortham,JAX,WR
Mike Evans,SF,WR
Mike Gesicki,CIN,TE
Mike Washington Jr.,LV,RB
Mitchell Evans,CAR,TE
Mitchell Tinsley,HOU,WR
Mitchell Trubisky,TEN,QB
Mo Alie-Cox,IND,TE
Montorie Foster Jr.,SEA,WR
Myles Price,MIN,WR
Najee Harris,NYG,RB
Nate Adkins,DEN,TE
Nate Boerkircher,JAX,TE
Nate Carter,KC,RB
Nicholas Singleton,TEN,RB
Nick Folk,ATL,K
Nick Kallerup,SEA,TE
Nick Mullens,JAX,QB
Nick Muse,ATL,TE
Nick Vannett,BAL,TE
Nick Westbrook-Ikhine,IND,WR
Nico Collins,HOU,WR
Nikko Remigio,KC,WR
Noah Fant,NO,TE
Noah Gray,KC,TE
Noah Thomas,CIN,WR
Noah Whittington,HOU,RB
Odell Beckham Jr.,NYG,WR
Olamide Zaccheaus,ATL,WR
Ollie Gordon Ii,MIA,RB
Omar Cooper Jr.,NYJ,WR
Omari Evans,KC,WR
Omarion Hampton,LAC,RB
Oronde Gadsden,LAC,TE
Oscar Delp,NO,TE
Parker Washington,JAX,WR
Pat Bryant,DEN,WR
Pat Freiermuth,PIT,TE
Patrick Herbert,LAC,TE
Patrick Mahomes,KC,QB
Patrick Ricard,NYG,RB
Payne Durham,TB,TE
Pharaoh Brown,IND,TE
Pierre Strong Jr.,GB,RB
Puka Nacua,LAR,WR
Qadir Ismail,CHI,TE
Quentin Johnston,LAC,WR
Quinn Ewers,JAX,QB
Quinshon Judkins,CLE,RB
Quintin Morris,JAX,TE
Rachaad White,WAS,RB
Raheim Sanders,CLE,RB
Rashee Rice,KC,WR
Rasheen Ali,BAL,RB
Rashid Shaheed,SEA,WR
Rashod Bateman,BAL,WR
Ray Davis,BUF,RB
Reggie Gilliam,NE,RB
Reggie Virgil,ARI,WR
Rhamondre Stevenson,NE,RB
Ricky White Iii,SEA,WR
Rico Dowdle,PIT,RB
Riley Leonard,IND,QB
Riley Nowakowski,PIT,RB
Riley Patterson,MIA,K
Rj Harvey,DEN,RB
Robert Henry Jr.,WAS,RB
Robert Tonyan,PIT,TE
Roman Hemby,LV,RB
Roman Wilson,PIT,WR
Rome Odunze,CHI,WR
Romeo Doubs,NE,WR
Ronnie Bell,LV,WR
Ronnie Rivers,LAR,RB
Roschon Johnson,CHI,RB
Ryan Fitzgerald,CAR,K
Ryan Flournoy,DAL,WR
Ryan Miller,MIA,WR
Salvon Ahmed,CHI,RB
Sam Darnold,SEA,QB
Sam Ehlinger,DEN,QB
Sam Hartman,WAS,QB
Sam Howell,DAL,QB
Sam Laporta,DET,TE
Sam Roush,CHI,TE
Samaje Perine,CIN,RB
Saquon Barkley,PHI,RB
Scotty Miller,CHI,WR
Sean Clifford,CIN,QB
Sean Tucker,TB,RB
Seth Mcgowan,IND,RB
Seydou Traore,MIA,TE
Shane Buechele,BUF,QB
Shane Zylstra,NE,TE
Shawn Bowman,ARI,TE
Shedeur Sanders,CLE,QB
Simi Fehoko,ARI,WR
Sincere Mccormick,SF,RB
Sione Vaki,DET,RB
Skyler Bell,BUF,WR
Skyy Moore,GB,WR
Spencer Rattler,NO,QB
Spencer Shrader,IND,K
Stefon Diggs,WAS,WR
Stephen Carlson,CHI,TE
Stephen Gosnell,BUF,WR
Stetson Bennett Iv,LAR,QB
Stone Smartt,NO,TE
T.J. Hockenson,MIN,TE
Tahj Brooks,CIN,RB
Tai Felton,MIN,WR
Tank Bigsby,PHI,RB
Tanner Arkin,NE,TE
Tanner Hudson,CIN,TE
Tanner Koziol,JAX,TE
Tanner Mckee,PHI,QB
Tay Martin,DET,WR
Taylen Green,CLE,QB
Teagan Quitoriano,ARI,TE
Ted Hurst Iii,TB,WR
Tee Higgins,CIN,WR
Terrance Ferguson,LAR,TE
Terry Mclaurin,WAS,WR
Tetairoa Mcmillan,CAR,WR
Tez Johnson,TB,WR
Theo Johnson,NYG,TE
Theo Wease Jr.,LAC,WR
Thomas Fidone Ii,NYG,TE
Thomas Gordon,DET,TE
Thomas Odukoya,KC,TE
Tim Jones,JAX,WR
Tim Patrick,NYJ,WR
Tom Kennedy,DET,WR
Tommy Devito,NE,QB
Tommy Tremble,CAR,TE
Tony Pollard,TEN,RB
Tory Horton,SEA,WR
Travis Etienne Jr.,NO,RB
Travis Homer,PIT,RB
Travis Hunter,JAX,WR
Travis Kelce,KC,TE
Trayvon Rudolph,MIN,WR
Tre Tucker,LV,WR
Tre Watson,MIA,TE
Tre' Harris,LAC,WR
Trebor Peña,JAX,WR
Trent Sherfield,BUF,WR
Treveyon Henderson,NE,RB
Trevor Lawrence,JAX,QB
Trey Lance,LAC,QB
Trey Mcbride,ARI,TE
Trey Palmer,NO,WR
Trey Smack,GB,K
Treylon Burks,WAS,WR
Treyton Welch,NO,TE
Troy Franklin,DEN,WR
Tua Tagovailoa,ATL,QB
Tucker Kraft,GB,TE
Tutu Atwell,LAR,WR
Ty Johnson,BUF,RB
Ty Pezza,BAL,TE
Ty Simpson,LAR,QB
Tyjae Spears,TEN,RB
Tylan Wallace,CLE,WR
Tyler Allgeier,ARI,RB
Tyler Badie,DEN,RB
Tyler Bass,BUF,K
Tyler Conklin,DET,TE
Tyler Goodson,ATL,RB
Tyler Higbee,LAR,TE
Tyler Huntley,BAL,QB
Tyler Loop,BAL,K
Tyler Shough,NO,QB
Tyler Warren,IND,TE
Tyquan Thornton,KC,WR
Tyren Montgomery,TEN,WR
Tyrod Taylor,GB,QB
Tyrone Tracy Jr.,NYG,RB
Tyson Bagent,CHI,QB
Van Jefferson,WAS,WR
Velus Jones Jr.,SEA,RB
Vinny Anthony Ii,ATL,WR
Wan'Dale Robinson,TEN,WR
Wesley Grimes,SF,WR
Wil Lutz,DEN,K
Will Howard,PIT,QB
Will Kacmarek,MIA,TE
Will Pauling,SF,WR
Will Reichard,MIN,K
Will Sheppard,MIA,WR
Will Shipley,PHI,RB
Woody Marks,HOU,RB
Xavier Guillory,BAL,WR
Xavier Hutchinson,HOU,WR
Xavier Legette,CAR,WR
Xavier Restrepo,TEN,WR
Xavier Smith,LAR,WR
Xavier Worthy,KC,WR
Zach Wilson,NO,QB
Zachariah Branch,ATL,WR
Zaire Mitchell-Paden,HOU,TE
Zamir White,NO,RB
Zavier Scott,CHI,RB
Zavion Thomas,CHI,WR
Zay Flowers,BAL,WR
