player_name,espn_name,position,transaction_type,team,from_team,to_team,date,fantasy_impact,impact_note,boost,in_database,raw_description
Najee Harris,Najee Harris,RB,RELEASED,PIT,PIT,,2026-09-05,HIGH,Left NFL (retired/cut/IR) — starting targets available,0,True,Not in 2025 depth chart (was 2024 depth #1 on PIT)
Gardner Minshew,Gardner Minshew Ii,QB,RELEASED,LV,LV,,2026-09-05,HIGH,Left NFL (retired/cut/IR) — starting targets available,0,True,Not in 2025 depth chart (was 2024 depth #1 on LV)
Tucker Kraft,Tucker Pup Kraft,TE,RELEASED,GB,GB,,2026-09-05,HIGH,Left NFL (retired/cut/IR) — starting targets available,0,True,Not in 2025 depth chart (was 2024 depth #2 on GB)
Davante Adams,Davante Adams,WR,RELEASED,LV,LV,,2026-09-05,HIGH,Left NFL (retired/cut/IR) — starting targets available,0,True,Not in 2025 depth chart (was 2024 depth #1 on LV)
T.J. Hockenson,T.J. Pup Hockenson,TE,RELEASED,MIN,MIN,,2026-09-05,HIGH,Left NFL (retired/cut/IR) — starting targets available,0,True,Not in 2025 depth chart (was 2024 depth #1 on MIN)
Treylon Burks,Treylon Burks,WR,RELEASED,TEN,TEN,,2026-09-05,HIGH,Left NFL (retired/cut/IR) — starting targets available,0,True,Not in 2025 depth chart (was 2024 depth #2 on TEN)
Ezekiel Elliott,Ezekiel Elliott,RB,RELEASED,DAL,DAL,,2026-09-05,HIGH,Left NFL (retired/cut/IR) — starting targets available,0,True,Not in 2025 depth chart (was 2024 depth #1 on DAL)
Amari Cooper,Amari Cooper,WR,RELEASED,CLE,CLE,,2026-09-05,HIGH,Left NFL (retired/cut/IR) — starting targets available,0,True,Not in 2025 depth chart (was 2024 depth #1 on CLE)
Jordan Akins,Jordan Akins,TE,RELEASED,CLE,CLE,,2026-09-05,HIGH,Left NFL (retired/cut/IR) — starting targets available,0,True,Not in 2025 depth chart (was 2024 depth #2 on CLE)
Chig Okonkwo,Chigoziem Okonkwo,TE,RELEASED,TEN,TEN,,2026-09-05,HIGH,Left NFL (retired/cut/IR) — starting targets available,0,True,Not in 2025 depth chart (was 2024 depth #1 on TEN)
Kendrick Bourne,Kendrick Pup Bourne,WR,RELEASED,NE,NE,,2026-09-05,HIGH,Left NFL (retired/cut/IR) — starting targets available,0,True,Not in 2025 depth chart (was 2024 depth #1 on NE)
Carson Wentz,Carson Wentz,QB,RELEASED,KC,KC,,2026-09-05,HIGH,Left NFL (retired/cut/IR) — starting targets available,0,True,Not in 2025 depth chart (was 2024 depth #2 on KC)
Derek Carr,Derek Carr,QB,RELEASED,NO,NO,,2026-09-05,HIGH,Left NFL (retired/cut/IR) — starting targets available,0,True,Not in 2025 depth chart (was 2024 depth #1 on NO)
Will Levis,Will Levis,QB,RELEASED,TEN,TEN,,2026-09-05,HIGH,Left NFL (retired/cut/IR) — starting targets available,0,True,Not in 2025 depth chart (was 2024 depth #1 on TEN)
Zack Moss,Zack Moss,RB,RELEASED,CIN,CIN,,2026-09-05,HIGH,Left NFL (retired/cut/IR) — starting targets available,0,True,Not in 2025 depth chart (was 2024 depth #1 on CIN)
Jamaal Williams,Jamaal Williams,RB,RELEASED,NO,NO,,2026-09-05,HIGH,Left NFL (retired/cut/IR) — starting targets available,0,True,Not in 2025 depth chart (was 2024 depth #2 on NO)
Nick Chubb,Nick Pup Chubb,RB,RELEASED,CLE,CLE,,2026-09-05,HIGH,Left NFL (retired/cut/IR) — starting targets available,0,True,Not in 2025 depth chart (was 2024 depth #1 on CLE)
Keenan Allen,Keenan Allen,WR,RELEASED,CHI,CHI,,2026-09-05,HIGH,Left NFL (retired/cut/IR) — starting targets available,0,True,Not in 2025 depth chart (was 2024 depth #2 on CHI)
Juwan Johnson,Juwan Pup Johnson,TE,RELEASED,NO,NO,,2026-09-05,HIGH,Left NFL (retired/cut/IR) — starting targets available,0,True,Not in 2025 depth chart (was 2024 depth #1 on NO)
Tyler Conklin,Tyler Conklin,TE,RELEASED,NYJ,NYJ,,2026-09-05,HIGH,Left NFL (retired/cut/IR) — starting targets available,0,True,Not in 2025 depth chart (was 2024 depth #1 on NYJ)
Jonathon Brooks,Jonathon Nfi Brooks,RB,RELEASED,CAR,CAR,,2026-09-05,HIGH,Left NFL (retired/cut/IR) — starting targets available,0,True,Not in 2025 depth chart (was 2024 depth #2 on CAR)
Logan Thomas,Logan Thomas,TE,RELEASED,SF,SF,,2026-09-05,HIGH,Left NFL (retired/cut/IR) — starting targets available,0,True,Not in 2025 depth chart (was 2024 depth #2 on SF)
Mike Williams,Mike Pup Williams,WR,RELEASED,NYJ,NYJ,,2026-09-05,HIGH,Left NFL (retired/cut/IR) — starting targets available,0,True,Not in 2025 depth chart (was 2024 depth #2 on NYJ)
Gerald Everett,Gerald Everett,TE,RELEASED,CHI,CHI,,2026-09-05,HIGH,Left NFL (retired/cut/IR) — starting targets available,0,True,Not in 2025 depth chart (was 2024 depth #2 on CHI)
Hassan Haskins,Hassan Haskins,RB,RELEASED,TEN,TEN,,2026-09-05,MEDIUM,Left NFL — rotational targets available,0,True,Not in 2025 depth chart (was 2024 depth #3 on TEN)
La'Mical Perine,La'Mical Perine,RB,RELEASED,PIT,PIT,,2026-09-05,MEDIUM,Left NFL — rotational targets available,0,True,Not in 2025 depth chart (was 2024 depth #4 on PIT)
DeAndre Hopkins,Deandre Hopkins,WR,TRADED,BAL,TEN,BAL,2026-09-05,MEDIUM,Joined BAL — stepping into starting role,8,True,Team changed: TEN (2024 depth #1) → BAL (2025 depth #2)
Cooper Rush,Cooper Rush,QB,TRADED,BAL,DAL,BAL,2026-09-05,MEDIUM,Joined BAL — stepping into starting role,8,True,Team changed: DAL (2024 depth #2) → BAL (2025 depth #2)
MyCole Pruitt,Mycole Pruitt,TE,RELEASED,PIT,PIT,,2026-09-05,MEDIUM,Left NFL — rotational targets available,0,True,Not in 2025 depth chart (was 2024 depth #4 on PIT)
Dez Fitzpatrick,Dez Fitzpatrick,WR,RELEASED,PIT,PIT,,2026-09-05,MEDIUM,Left NFL — rotational targets available,0,True,Not in 2025 depth chart (was 2024 depth #4 on PIT)
Jacoby Brissett,Jacoby Brissett,QB,TRADED,ARZ,NE,ARZ,2026-09-05,MEDIUM,Joined ARZ — stepping into starting role,8,True,Team changed: NE (2024 depth #1) → ARZ (2025 depth #2)
Byron Pringle,Byron Pringle,WR,RELEASED,WAS,WAS,,2026-09-05,MEDIUM,Left NFL — rotational targets available,0,True,Not in 2025 depth chart (was 2024 depth #4 on WAS)
Armani Rogers,Armani Rogers,TE,RELEASED,WAS,WAS,,2026-09-05,MEDIUM,Left NFL — rotational targets available,0,True,Not in 2025 depth chart (was 2024 depth #4 on WAS)
Michael Wiley,Michael Wiley,RB,RELEASED,WAS,WAS,,2026-09-05,MEDIUM,Left NFL — rotational targets available,0,True,Not in 2025 depth chart (was 2024 depth #4 on WAS)
Jeff Driskel,Jeff Driskel,QB,RELEASED,WAS,WAS,,2026-09-05,MEDIUM,Left NFL — rotational targets available,0,True,Not in 2025 depth chart (was 2024 depth #4 on WAS)
Colton Dowell,Colton Pup Dowell,WR,RELEASED,TEN,TEN,,2026-09-05,MEDIUM,Left NFL — rotational targets available,0,True,Not in 2025 depth chart (was 2024 depth #4 on TEN)
Chase Edmonds,Chase Edmonds,RB,RELEASED,TB,TB,,2026-09-05,MEDIUM,Left NFL — rotational targets available,0,True,Not in 2025 depth chart (was 2024 depth #3 on TB)
P.J. Walker,Pj Walker,QB,RELEASED,SEA,SEA,,2026-09-05,MEDIUM,Left NFL — rotational targets available,0,True,Not in 2025 depth chart (was 2024 depth #3 on SEA)
Thomas Odukoya,Thomas Ipp Odukoya,TE,RELEASED,TEN,TEN,,2026-09-05,MEDIUM,Left NFL — rotational targets available,0,True,Not in 2025 depth chart (was 2024 depth #4 on TEN)
Nick Vannett,Nick Vannett,TE,RELEASED,TEN,TEN,,2026-09-05,MEDIUM,Left NFL — rotational targets available,0,True,Not in 2025 depth chart (was 2024 depth #3 on TEN)
Kenny McIntosh,Kenny Mcintosh,RB,RELEASED,SEA,SEA,,2026-09-05,MEDIUM,Left NFL — rotational targets available,0,True,Not in 2025 depth chart (was 2024 depth #3 on SEA)
Ricky Person,Ricky Person,RB,RELEASED,SEA,SEA,,2026-09-05,MEDIUM,Left NFL — rotational targets available,0,False,Not in 2025 depth chart (was 2024 depth #4 on SEA)
Zack Nfi Annexstad,Zack Nfi Annexstad,QB,RELEASED,TB,TB,,2026-09-05,MEDIUM,Left NFL — rotational targets available,0,False,Not in 2025 depth chart (was 2024 depth #4 on TB)
Rico Dowdle,Rico Dowdle,RB,TRADED,CAR,DAL,CAR,2026-09-05,MEDIUM,Joined CAR — stepping into starting role,8,True,Team changed: DAL (2024 depth #2) → CAR (2025 depth #2)
Dan Chisena,Dan Chisena,WR,RELEASED,ARZ,ARZ,,2026-09-05,MEDIUM,Left NFL — rotational targets available,0,True,Not in 2025 depth chart (was 2024 depth #3 on ARZ)
Noah Fant,Noah Fant,TE,TRADED,CIN,SEA,CIN,2026-09-05,MEDIUM,Joined CIN — stepping into starting role,8,True,Team changed: SEA (2024 depth #1) → CIN (2025 depth #1)
Joshua Dobbs,Joshua Dobbs,QB,TRADED,NE,SF,NE,2026-09-05,MEDIUM,Joined NE — stepping into starting role,8,True,Team changed: SF (2024 depth #2) → NE (2025 depth #2)
Russell Wilson,Russell Wilson,QB,TRADED,NYG,PIT,NYG,2026-09-05,MEDIUM,Joined NYG — stepping into starting role,8,True,Team changed: PIT (2024 depth #1) → NYG (2025 depth #1)
Justin Fields,Justin Fields,QB,TRADED,NYJ,PIT,NYJ,2026-09-05,MEDIUM,Joined NYJ — stepping into starting role,8,True,Team changed: PIT (2024 depth #2) → NYJ (2025 depth #1)
Aaron Rodgers,Aaron Rodgers,QB,TRADED,PIT,NYJ,PIT,2026-09-05,MEDIUM,Joined PIT — stepping into starting role,8,True,Team changed: NYJ (2024 depth #1) → PIT (2025 depth #1)
Mason Rudolph,Mason Rudolph,QB,TRADED,PIT,TEN,PIT,2026-09-05,MEDIUM,Joined PIT — stepping into starting role,8,True,Team changed: TEN (2024 depth #2) → PIT (2025 depth #2)
Jonnu Smith,Jonnu Smith,TE,TRADED,PIT,MIA,PIT,2026-09-05,MEDIUM,Joined PIT — stepping into starting role,8,True,Team changed: MIA (2024 depth #1) → PIT (2025 depth #2)
Tim Jones,Tim Jones,WR,TRADED,MIN,JAX,MIN,2026-09-05,MEDIUM,Joined MIN — stepping into starting role,8,True,Team changed: JAX (2024 depth #8) → MIN (2025 depth #2)
DK Metcalf,Dk Metcalf,WR,TRADED,PIT,SEA,PIT,2026-09-05,MEDIUM,Joined PIT — stepping into starting role,8,True,Team changed: SEA (2024 depth #1) → PIT (2025 depth #1)
Drew Lock,Drew Lock,QB,TRADED,SEA,NYG,SEA,2026-09-05,MEDIUM,Joined SEA — stepping into starting role,8,True,Team changed: NYG (2024 depth #2) → SEA (2025 depth #2)
Mac Jones,Mac Jones,QB,TRADED,SF,JAX,SF,2026-09-05,MEDIUM,Joined SF — stepping into starting role,8,True,Team changed: JAX (2024 depth #2) → SF (2025 depth #2)
Luke Farrell,Luke Farrell,TE,TRADED,SF,JAX,SF,2026-09-05,MEDIUM,Joined SF — stepping into starting role,8,True,Team changed: JAX (2024 depth #2) → SF (2025 depth #2)
Brandon Allen,Brandon Allen,QB,TRADED,TEN,SF,TEN,2026-09-05,MEDIUM,Joined TEN — stepping into starting role,8,True,Team changed: SF (2024 depth #3) → TEN (2025 depth #2)
Van Jefferson,Van Jefferson,WR,TRADED,TEN,PIT,TEN,2026-09-05,MEDIUM,Joined TEN — stepping into starting role,8,True,Team changed: PIT (2024 depth #2) → TEN (2025 depth #2)
Noah Brown,Noah Brown,WR,TRADED,WAS,HOU,WAS,2026-09-05,MEDIUM,Joined WAS — stepping into starting role,8,True,Team changed: HOU (2024 depth #4) → WAS (2025 depth #2)
Sam Darnold,Sam Darnold,QB,TRADED,SEA,MIN,SEA,2026-09-05,MEDIUM,Joined SEA — stepping into starting role,8,True,Team changed: MIN (2024 depth #1) → SEA (2025 depth #1)
Samaje Perine,Samaje Perine,RB,TRADED,CIN,DEN,CIN,2026-09-05,MEDIUM,Joined CIN — stepping into starting role,8,True,Team changed: DEN (2024 depth #2) → CIN (2025 depth #2)
Jordan Mason,Jordan Mason,RB,TRADED,MIN,SF,MIN,2026-09-05,MEDIUM,Joined MIN — stepping into starting role,8,True,Team changed: SF (2024 depth #3) → MIN (2025 depth #2)
Pharaoh Brown,Pharaoh Brown,TE,TRADED,MIA,SEA,MIA,2026-09-05,MEDIUM,Joined MIA — stepping into starting role,8,True,Team changed: SEA (2024 depth #2) → MIA (2025 depth #2)
Joe Flacco,Joe Flacco,QB,TRADED,CLE,IND,CLE,2026-09-05,MEDIUM,Joined CLE — stepping into starting role,8,True,Team changed: IND (2024 depth #2) → CLE (2025 depth #1)
Kenny Pickett,Kenny Pickett,QB,TRADED,CLE,PHI,CLE,2026-09-05,MEDIUM,Joined CLE — stepping into starting role,8,True,Team changed: PHI (2024 depth #2) → CLE (2025 depth #2)
Cordarrelle Patterson,Cordarrelle Nfi Patterson,RB,RELEASED,PIT,PIT,,2026-09-05,MEDIUM,Left NFL — rotational targets available,0,True,Not in 2025 depth chart (was 2024 depth #3 on PIT)
Javonte Williams,Javonte Williams,RB,TRADED,DAL,DEN,DAL,2026-09-05,MEDIUM,Joined DAL — stepping into starting role,8,True,Team changed: DEN (2024 depth #1) → DAL (2025 depth #1)
George Pickens,George Pickens,WR,TRADED,DAL,PIT,DAL,2026-09-05,MEDIUM,Joined DAL — stepping into starting role,8,True,Team changed: PIT (2024 depth #1) → DAL (2025 depth #2)
Evan Engram,Evan Engram,TE,TRADED,DEN,JAX,DEN,2026-09-05,MEDIUM,Joined DEN — stepping into starting role,8,True,Team changed: JAX (2024 depth #1) → DEN (2025 depth #1)
Sam Howell,Sam Howell,QB,TRADED,MIN,SEA,MIN,2026-09-05,MEDIUM,Joined MIN — stepping into starting role,8,True,Team changed: SEA (2024 depth #2) → MIN (2025 depth #2)
Malik Willis,Malik Willis,QB,TRADED,GB,TEN,GB,2026-09-05,MEDIUM,Joined GB — stepping into starting role,8,True,Team changed: TEN (2024 depth #3) → GB (2025 depth #2)
Nick Mullens,Nick Mullens,QB,TRADED,JAX,MIN,JAX,2026-09-05,MEDIUM,Joined JAX — stepping into starting role,8,True,Team changed: MIN (2024 depth #3) → JAX (2025 depth #2)
Johnny Mundt,Johnny Mundt,TE,TRADED,JAX,MIN,JAX,2026-09-05,MEDIUM,Joined JAX — stepping into starting role,8,True,Team changed: MIN (2024 depth #3) → JAX (2025 depth #2)
Geno Smith,Geno Smith,QB,TRADED,LV,SEA,LV,2026-09-05,MEDIUM,Joined LV — stepping into starting role,8,True,Team changed: SEA (2024 depth #1) → LV (2025 depth #1)
Raheem Mostert,Raheem Mostert,RB,TRADED,LV,MIA,LV,2026-09-05,MEDIUM,Joined LV — stepping into starting role,8,True,Team changed: MIA (2024 depth #1) → LV (2025 depth #2)
Collin Johnson,Collin Johnson,WR,TRADED,LV,CHI,LV,2026-09-05,MEDIUM,Joined LV — stepping into starting role,8,True,Team changed: CHI (2024 depth #8) → LV (2025 depth #2)
Zach Wilson,Zach Wilson,QB,TRADED,MIA,DEN,MIA,2026-09-05,MEDIUM,Joined MIA — stepping into starting role,8,True,Team changed: DEN (2024 depth #3) → MIA (2025 depth #2)
Daniel Jones,Daniel Jones,QB,TRADED,IND,NYG,IND,2026-09-05,MEDIUM,Joined IND — stepping into starting role,8,True,Team changed: NYG (2024 depth #1) → IND (2025 depth #2)
Joe Milton,Joe Milton Iii,QB,TRADED,DAL,NE,DAL,2026-09-05,MEDIUM,Joined DAL — stepping into starting role,8,True,Team changed: NE (2024 depth #3) → DAL (2025 depth #2)
Miles Sanders,Miles Sanders,RB,TRADED,DAL,CAR,DAL,2026-09-05,MEDIUM,Joined DAL — stepping into starting role,8,True,Team changed: CAR (2024 depth #3) → DAL (2025 depth #2)
Joseph Ngata,Joseph Ngata,WR,RELEASED,PHI,PHI,,2026-09-05,MEDIUM,Left NFL — rotational targets available,0,True,Not in 2025 depth chart (was 2024 depth #4 on PHI)
Anthony Brown,Anthony Brown,QB,RELEASED,LV,LV,,2026-09-05,MEDIUM,Left NFL — rotational targets available,0,True,Not in 2025 depth chart (was 2024 depth #3 on LV)
Trayveon Williams,Trayveon Williams,RB,RELEASED,CIN,CIN,,2026-09-05,MEDIUM,Left NFL — rotational targets available,0,True,Not in 2025 depth chart (was 2024 depth #3 on CIN)
Taylor Heinicke,Taylor Heinicke,QB,RELEASED,ATL,ATL,,2026-09-05,MEDIUM,Left NFL — rotational targets available,0,True,Not in 2025 depth chart (was 2024 depth #3 on ATL)
Royce Freeman,Royce Freeman,RB,RELEASED,DAL,DAL,,2026-09-05,MEDIUM,Left NFL — rotational targets available,0,True,Not in 2025 depth chart (was 2024 depth #3 on DAL)
Peyton Hendershot,Peyton Hendershot,TE,RELEASED,DAL,DAL,,2026-09-05,MEDIUM,Left NFL — rotational targets available,0,True,Not in 2025 depth chart (was 2024 depth #4 on DAL)
Justyn Ross,Justyn Ross,WR,RELEASED,KC,KC,,2026-09-05,MEDIUM,Left NFL — rotational targets available,0,True,Not in 2025 depth chart (was 2024 depth #4 on KC)
John Paddock,John Paddock,QB,RELEASED,ATL,ATL,,2026-09-05,MEDIUM,Left NFL — rotational targets available,0,False,Not in 2025 depth chart (was 2024 depth #4 on ATL)
Jase McClellan,Jase Mcclellan,RB,RELEASED,ATL,ATL,,2026-09-05,MEDIUM,Left NFL — rotational targets available,0,True,Not in 2025 depth chart (was 2024 depth #3 on ATL)
Keaton Mitchell,Keaton Pup Mitchell,RB,RELEASED,BAL,BAL,,2026-09-05,MEDIUM,Left NFL — rotational targets available,0,True,Not in 2025 depth chart (was 2024 depth #3 on BAL)
Deneric Prince,Deneric Prince,RB,RELEASED,KC,KC,,2026-09-05,MEDIUM,Left NFL — rotational targets available,0,True,Not in 2025 depth chart (was 2024 depth #3 on KC)
David Durden,David Durden,WR,RELEASED,DAL,DAL,,2026-09-05,MEDIUM,Left NFL — rotational targets available,0,True,Not in 2025 depth chart (was 2024 depth #4 on DAL)
Ian Book,Ian Book,QB,RELEASED,KC,KC,,2026-09-05,MEDIUM,Left NFL — rotational targets available,0,True,Not in 2025 depth chart (was 2024 depth #4 on KC)
Scotty Washington,Scotty Washington,TE,RELEASED,BAL,BAL,,2026-09-05,MEDIUM,Left NFL — rotational targets available,0,True,Not in 2025 depth chart (was 2024 depth #4 on BAL)
D'Ernest Johnson,D'Ernest Johnson,RB,RELEASED,JAX,JAX,,2026-09-05,MEDIUM,Left NFL — rotational targets available,0,True,Not in 2025 depth chart (was 2024 depth #3 on JAX)
C.J. Beathard,C.J. Beathard,QB,RELEASED,JAX,JAX,,2026-09-05,MEDIUM,Left NFL — rotational targets available,0,True,Not in 2025 depth chart (was 2024 depth #3 on JAX)
Odell Beckham,Odell Beckham,WR,RELEASED,BAL,BAL,,2026-09-05,MEDIUM,Left NFL — rotational targets available,0,True,Not in 2025 depth chart (was 2024 depth #4 on BAL)
Nate Sudfeld,Nate Sudfeld,QB,RELEASED,DET,DET,,2026-09-05,MEDIUM,Left NFL — rotational targets available,0,True,Not in 2025 depth chart (was 2024 depth #3 on DET)
Rocky Lombardi,Rocky Lombardi,QB,RELEASED,CIN,CIN,,2026-09-05,MEDIUM,Left NFL — rotational targets available,0,False,Not in 2025 depth chart (was 2024 depth #4 on CIN)
D'Onta Foreman,D'Onta Foreman,RB,RELEASED,CLE,CLE,,2026-09-05,MEDIUM,Left NFL — rotational targets available,0,True,Not in 2025 depth chart (was 2024 depth #4 on CLE)
Tre' McKitty,Tre' Mckitty,TE,RELEASED,BUF,BUF,,2026-09-05,MEDIUM,Left NFL — rotational targets available,0,True,Not in 2025 depth chart (was 2024 depth #4 on BUF)
Stephen Sullivan,Stephen Sullivan,TE,RELEASED,CAR,CAR,,2026-09-05,MEDIUM,Left NFL — rotational targets available,0,True,Not in 2025 depth chart (was 2024 depth #4 on CAR)
AJ Dillon,Aj Dillon,RB,RELEASED,GB,GB,,2026-09-05,MEDIUM,Left NFL — rotational targets available,0,True,Not in 2025 depth chart (was 2024 depth #3 on GB)
Jacob Eason,Jacob Eason,QB,RELEASED,GB,GB,,2026-09-05,MEDIUM,Left NFL — rotational targets available,0,True,Not in 2025 depth chart (was 2024 depth #4 on GB)
Daurice Fountain,Daurice Fountain,WR,RELEASED,DET,DET,,2026-09-05,MEDIUM,Left NFL — rotational targets available,0,True,Not in 2025 depth chart (was 2024 depth #4 on DET)
DeAndre Carter,Devin Carter,WR,RELEASED,CAR,CAR,,2026-09-05,MEDIUM,Left NFL — rotational targets available,0,True,Not in 2025 depth chart (was 2024 depth #4 on CAR)
Marcedes Lewis,Marcedes Lewis,TE,RELEASED,CHI,CHI,,2026-09-05,MEDIUM,Left NFL — rotational targets available,0,True,Not in 2025 depth chart (was 2024 depth #3 on CHI)
Logan Woodside,Logan Woodside,QB,RELEASED,CIN,CIN,,2026-09-05,MEDIUM,Left NFL — rotational targets available,0,True,Not in 2025 depth chart (was 2024 depth #3 on CIN)
Chris Evans,Chris Evans,RB,RELEASED,CIN,CIN,,2026-09-05,MEDIUM,Left NFL — rotational targets available,0,True,Not in 2025 depth chart (was 2024 depth #4 on CIN)
Zach Gentry,Zach Gentry,TE,RELEASED,LV,LV,,2026-09-05,MEDIUM,Left NFL — rotational targets available,0,True,Not in 2025 depth chart (was 2024 depth #4 on LV)
Antoine Green,Antoine Green,WR,RELEASED,DET,DET,,2026-09-05,MEDIUM,Left NFL — rotational targets available,0,True,Not in 2025 depth chart (was 2024 depth #3 on DET)
Trey Lance,Trey Lance,QB,RELEASED,DAL,DAL,,2026-09-05,MEDIUM,Left NFL — rotational targets available,0,True,Not in 2025 depth chart (was 2024 depth #3 on DAL)
Jaren Hall,Jaren Hall,QB,RELEASED,MIN,MIN,,2026-09-05,MEDIUM,Left NFL — rotational targets available,0,True,Not in 2025 depth chart (was 2024 depth #4 on MIN)
DeWayne McBride,Dewayne Mcbride,RB,RELEASED,MIN,MIN,,2026-09-05,MEDIUM,Left NFL — rotational targets available,0,True,Not in 2025 depth chart (was 2024 depth #4 on MIN)
Malik Knowles,Malik Knowles,WR,RELEASED,MIN,MIN,,2026-09-05,MEDIUM,Left NFL — rotational targets available,0,True,Not in 2025 depth chart (was 2024 depth #4 on MIN)
Kevin Harris,Kevin Harris,RB,RELEASED,NE,NE,,2026-09-05,MEDIUM,Left NFL — rotational targets available,0,True,Not in 2025 depth chart (was 2024 depth #4 on NE)
Mitchell Wilcox,Mitchell Wilcox,TE,RELEASED,NE,NE,,2026-09-05,MEDIUM,Left NFL — rotational targets available,0,True,Not in 2025 depth chart (was 2024 depth #4 on NE)
Jalen Reagor,Jalen Reagor,WR,RELEASED,NE,NE,,2026-09-05,MEDIUM,Left NFL — rotational targets available,0,True,Not in 2025 depth chart (was 2024 depth #4 on NE)
Nathan Peterman,Nathan Peterman,QB,RELEASED,NO,NO,,2026-09-05,MEDIUM,Left NFL — rotational targets available,0,True,Not in 2025 depth chart (was 2024 depth #4 on NO)
Dallin Holker,Dallin Holker,TE,RELEASED,NO,NO,,2026-09-05,MEDIUM,Left NFL — rotational targets available,0,True,Not in 2025 depth chart (was 2024 depth #4 on NO)
Equanimeous St. Brown,Equanimeous St. Brown,WR,RELEASED,NO,NO,,2026-09-05,MEDIUM,Left NFL — rotational targets available,0,True,Not in 2025 depth chart (was 2024 depth #3 on NO)
Allen Robinson,Allen Robinson Ii,WR,RELEASED,NYG,NYG,,2026-09-05,MEDIUM,Left NFL — rotational targets available,0,True,Not in 2025 depth chart (was 2024 depth #4 on NYG)
Jordan Travis,Jordan Nfi Travis,QB,RELEASED,NYJ,NYJ,,2026-09-05,MEDIUM,Left NFL — rotational targets available,0,True,Not in 2025 depth chart (was 2024 depth #3 on NYJ)
Andrew Peasley,Andrew Peasley,QB,RELEASED,NYJ,NYJ,,2026-09-05,MEDIUM,Left NFL — rotational targets available,0,False,Not in 2025 depth chart (was 2024 depth #4 on NYJ)
Tyrion Davis-Price,Tyrion Davis-Price,RB,RELEASED,PHI,PHI,,2026-09-05,MEDIUM,Left NFL — rotational targets available,0,True,Not in 2025 depth chart (was 2024 depth #4 on PHI)
C.J. Uzomah,C.J. Uzomah,TE,RELEASED,PHI,PHI,,2026-09-05,MEDIUM,Left NFL — rotational targets available,0,True,Not in 2025 depth chart (was 2024 depth #3 on PHI)
Albert Okwuegbunam,Albert Okwuegbunam,TE,RELEASED,PHI,PHI,,2026-09-05,MEDIUM,Left NFL — rotational targets available,0,True,Not in 2025 depth chart (was 2024 depth #4 on PHI)
Anthony Schwartz,Anthony Schwartz,WR,RELEASED,MIA,MIA,,2026-09-05,MEDIUM,Left NFL — rotational targets available,0,True,Not in 2025 depth chart (was 2024 depth #4 on MIA)
Jody Fortson,Jody Fortson,TE,RELEASED,MIA,MIA,,2026-09-05,MEDIUM,Left NFL — rotational targets available,0,True,Not in 2025 depth chart (was 2024 depth #4 on MIA)
JaMycal Hasty,Jamycal Hasty,RB,RELEASED,NE,NE,,2026-09-05,MEDIUM,Left NFL — rotational targets available,0,True,Not in 2025 depth chart (was 2024 depth #3 on NE)
Nyheim Nfi Hines,Nyheim Nfi Hines,RB,RELEASED,CLE,CLE,,2026-09-05,MEDIUM,Left NFL — rotational targets available,0,False,Not in 2025 depth chart (was 2024 depth #3 on CLE)
Michael Woods,Michael Woods Ii,WR,RELEASED,CLE,CLE,,2026-09-05,MEDIUM,Left NFL — rotational targets available,0,True,Not in 2025 depth chart (was 2024 depth #4 on CLE)
Keelan Doss,Keelan Doss,WR,RELEASED,LV,LV,,2026-09-05,MEDIUM,Left NFL — rotational targets available,0,True,Not in 2025 depth chart (was 2024 depth #4 on LV)
Tyler Huntley,Tyler Huntley,QB,RELEASED,CLE,CLE,,2026-09-05,MEDIUM,Left NFL — rotational targets available,0,True,Not in 2025 depth chart (was 2024 depth #4 on CLE)
Jeff Wilson,Jeff Wilson,RB,RELEASED,MIA,MIA,,2026-09-05,MEDIUM,Left NFL — rotational targets available,0,True,Not in 2025 depth chart (was 2024 depth #4 on MIA)
Jeff Smith,Jeff Smith,WR,RELEASED,ARZ,ARZ,,2026-09-05,MEDIUM,Left NFL — rotational targets available,0,True,Not in 2025 depth chart (was 2024 depth #4 on ARZ)
Josh Reynolds,Josh Reynolds,WR,TRADED,NYJ,DEN,NYJ,2026-09-05,LOW,Joined NYJ — depth role,2,True,Team changed: DEN (2024 depth #5) → NYJ (2025 depth #6)
Andrew Beck,Andrew Beck,RB,TRADED,NYJ,HOU,NYJ,2026-09-05,LOW,Joined NYJ — depth role,2,True,Team changed: HOU (2024 depth #8) → NYJ (2025 depth #7)
Kene Nwangwu,Kene Nwangwu,RB,TRADED,NYJ,MIN,NYJ,2026-09-05,LOW,Joined NYJ — depth role,2,True,Team changed: MIN (2024 depth #3) → NYJ (2025 depth #4)
Zavier Scott,Zavier Scott,RB,TRADED,MIN,IND,MIN,2026-09-05,LOW,Joined MIN — depth role,2,True,Team changed: IND (2024 depth #5) → MIN (2025 depth #4)
Rondale Moore,Rondale Moore,WR,TRADED,MIN,ATL,MIN,2026-09-05,LOW,Joined MIN — depth role,2,True,Team changed: ATL (2024 depth #11) → MIN (2025 depth #10)
Zach Pascal,Zach Pascal,WR,TRADED,NYG,ARZ,NYG,2026-09-05,LOW,Joined NYG — depth role,2,True,Team changed: ARZ (2024 depth #2) → NYG (2025 depth #3)
Dee Eskridge,Dee Eskridge,WR,TRADED,MIA,SEA,MIA,2026-09-05,LOW,Joined MIA — depth role,2,True,Team changed: SEA (2024 depth #11) → MIA (2025 depth #11)
Lil'Jordan Humphrey,Lil'Jordan Humphrey,WR,TRADED,NYG,DEN,NYG,2026-09-05,LOW,Joined NYG — depth role,2,True,Team changed: DEN (2024 depth #11) → NYG (2025 depth #12)
Ihmir Smith-Marsette,Ihmir Smith-Marsette,WR,TRADED,NYG,CAR,NYG,2026-09-05,LOW,Joined NYG — depth role,2,True,Team changed: CAR (2024 depth #10) → NYG (2025 depth #11)
Dorian Thompson-Robinson,Dorian Thompson-Robinson,QB,TRADED,PHI,CLE,PHI,2026-09-05,LOW,Joined PHI — depth role,2,True,Team changed: CLE (2024 depth #3) → PHI (2025 depth #4)
Keilan Robinson,Keilan Robinson,RB,TRADED,PHI,JAX,PHI,2026-09-05,LOW,Joined PHI — depth role,2,True,Team changed: JAX (2024 depth #4) → PHI (2025 depth #4)
Montrell Washington,Montrell Washington,WR,TRADED,NYG,KC,NYG,2026-09-05,LOW,Joined NYG — depth role,2,True,Team changed: KC (2024 depth #10) → NYG (2025 depth #9)
Brett Rypien,Brett Rypien,QB,TRADED,MIN,CHI,MIN,2026-09-05,LOW,Joined MIN — depth role,2,True,Team changed: CHI (2024 depth #3) → MIN (2025 depth #3)
Clyde Edwards-Helaire,Clyde Edwards-Helaire,RB,TRADED,NO,KC,NO,2026-09-05,LOW,Joined NO — depth role,2,True,Team changed: KC (2024 depth #2) → NO (2025 depth #6)
Jack Stoll,Jack Stoll,TE,TRADED,NO,NYG,NO,2026-09-05,LOW,Joined NO — depth role,2,True,Team changed: NYG (2024 depth #5) → NO (2025 depth #6)
Jameis Winston,Jameis Winston,QB,TRADED,NYG,CLE,NYG,2026-09-05,LOW,Joined NYG — depth role,2,True,Team changed: CLE (2024 depth #2) → NYG (2025 depth #3)
Jack Westover,Jack Westover,TE,TRADED,NE,SEA,NE,2026-09-05,LOW,Joined NE — depth role,2,True,Team changed: SEA (2024 depth #6) → NE (2025 depth #3)
Dante Pettis,Dante Pettis,WR,TRADED,NO,CHI,NO,2026-09-05,LOW,Joined NO — depth role,2,True,Team changed: CHI (2024 depth #4) → NO (2025 depth #10)
Tyler Davis,Tyler Davis,TE,TRADED,NE,GB,NE,2026-09-05,LOW,Joined NE — depth role,2,True,Team changed: GB (2024 depth #3) → NE (2025 depth #5)
Kylen Granson,Kylen Granson,TE,TRADED,PHI,IND,PHI,2026-09-05,LOW,Joined PHI — depth role,2,True,Team changed: IND (2024 depth #2) → PHI (2025 depth #3)
Mack Hollins,Mack Hollins,WR,TRADED,NE,BUF,NE,2026-09-05,LOW,Joined NE — depth role,2,True,Team changed: BUF (2024 depth #2) → NE (2025 depth #6)
Giovanni Ricci,Giovanni Ricci,TE,TRADED,MIN,CLE,MIN,2026-09-05,LOW,Joined MIN — depth role,2,False,Team changed: CLE (2024 depth #3) → MIN (2025 depth #6)
John Jiles,John Jiles,WR,TRADED,NE,NYG,NE,2026-09-05,LOW,Joined NE — depth role,2,True,Team changed: NYG (2024 depth #10) → NE (2025 depth #8)
Donovan Peoples-Jones,Donovan Peoples-Jones,WR,TRADED,NO,DET,NO,2026-09-05,LOW,Joined NO — depth role,2,True,Team changed: DET (2024 depth #7) → NO (2025 depth #6)
Cam Akers,Cam Akers,RB,TRADED,NO,HOU,NO,2026-09-05,LOW,Joined NO — depth role,2,True,Team changed: HOU (2024 depth #6) → NO (2025 depth #4)
Velus Jones,Velus Jones,RB,TRADED,NO,CHI,NO,2026-09-05,LOW,Joined NO — depth role,2,True,Team changed: CHI (2024 depth #7) → NO (2025 depth #5)
Brandin Cooks,Brandin Cooks,WR,TRADED,NO,DAL,NO,2026-09-05,LOW,Joined NO — depth role,2,True,Team changed: DAL (2024 depth #7) → NO (2025 depth #3)
Treyton Welch,Treyton Welch,TE,TRADED,NO,CLE,NO,2026-09-05,LOW,Joined NO — depth role,2,True,Team changed: CLE (2024 depth #5) → NO (2025 depth #8)
Greg Dulcich,Greg Dulcich,TE,TRADED,NYG,DEN,NYG,2026-09-05,LOW,Joined NYG — depth role,2,True,Team changed: DEN (2024 depth #2) → NYG (2025 depth #5)
Cole Fotheringham,Cole Fotheringham,TE,TRADED,NE,LV,NE,2026-09-05,LOW,Joined NE — depth role,2,True,Team changed: LV (2024 depth #5) → NE (2025 depth #8)
Robert Woods,Robert Woods,WR,TRADED,PIT,HOU,PIT,2026-09-05,LOW,Joined PIT — depth role,2,True,Team changed: HOU (2024 depth #7) → PIT (2025 depth #5)
Nick Muse,Nick Muse,TE,TRADED,PHI,MIN,PHI,2026-09-05,LOW,Joined PHI — depth role,2,True,Team changed: MIN (2024 depth #4) → PHI (2025 depth #5)
Andy Isabella,Andy Isabella,WR,TRADED,SF,BUF,SF,2026-09-05,LOW,Joined SF — depth role,2,True,Team changed: BUF (2024 depth #12) → SF (2025 depth #13)
Michael Pratt,Michael Pratt,QB,TRADED,TB,GB,TB,2026-09-05,LOW,Joined TB — depth role,2,True,Team changed: GB (2024 depth #3) → TB (2025 depth #3)
Owen Wright,Owen Wright,RB,TRADED,TB,BAL,TB,2026-09-05,LOW,Joined TB — depth role,2,True,Team changed: BAL (2024 depth #5) → TB (2025 depth #5)
Dennis Houston,Dennis Houston,WR,TRADED,TB,NYG,TB,2026-09-05,LOW,Joined TB — depth role,2,True,Team changed: NYG (2024 depth #5) → TB (2025 depth #5)
Tim Boyle,Tim Boyle,QB,TRADED,TEN,HOU,TEN,2026-09-05,LOW,Joined TEN — depth role,2,True,Team changed: HOU (2024 depth #4) → TEN (2025 depth #3)
Jordan Mims,Jordan Mims,RB,TRADED,TEN,NO,TEN,2026-09-05,LOW,Joined TEN — depth role,2,True,Team changed: NO (2024 depth #4) → TEN (2025 depth #5)
Jermar Jefferson,Jermar Jefferson,RB,TRADED,TEN,DET,TEN,2026-09-05,LOW,Joined TEN — depth role,2,True,Team changed: DET (2024 depth #5) → TEN (2025 depth #6)
James Proche,James Proche Ii,WR,TRADED,TEN,CLE,TEN,2026-09-05,LOW,Joined TEN — depth role,2,True,Team changed: CLE (2024 depth #11) → TEN (2025 depth #4)
Isaiah Hodgins,Isaiah Hodgins,WR,TRADED,SF,NYG,SF,2026-09-05,LOW,Joined SF — depth role,2,True,Team changed: NYG (2024 depth #2) → SF (2025 depth #5)
Matt Landers,Matt Landers,WR,TRADED,TEN,CLE,TEN,2026-09-05,LOW,Joined TEN — depth role,2,True,Team changed: CLE (2024 depth #9) → TEN (2025 depth #5)
Tyler Lockett,Tyler Lockett,WR,TRADED,TEN,SEA,TEN,2026-09-05,LOW,Joined TEN — depth role,2,True,Team changed: SEA (2024 depth #7) → TEN (2025 depth #9)
Josh Johnson,Josh Johnson,QB,TRADED,WAS,BAL,WAS,2026-09-05,LOW,Joined WAS — depth role,2,True,Team changed: BAL (2024 depth #2) → WAS (2025 depth #3)
Demetric Felton,Demetric Felton,RB,TRADED,WAS,CHI,WAS,2026-09-05,LOW,Joined WAS — depth role,2,True,Team changed: CHI (2024 depth #6) → WAS (2025 depth #6)
Tyree Jackson,Tyree Jackson,TE,TRADED,WAS,NYG,WAS,2026-09-05,LOW,Joined WAS — depth role,2,True,Team changed: NYG (2024 depth #6) → WAS (2025 depth #5)
Lawrence Cager,Lawrence Cager,TE,TRADED,WAS,NYG,WAS,2026-09-05,LOW,Joined WAS — depth role,2,True,Team changed: NYG (2024 depth #3) → WAS (2025 depth #7)
Chris Moore,Chris Moore,WR,TRADED,WAS,ARZ,WAS,2026-09-05,LOW,Joined WAS — depth role,2,True,Team changed: ARZ (2024 depth #10) → WAS (2025 depth #4)
Tay Martin,Tay Martin,WR,TRADED,WAS,SF,WAS,2026-09-05,LOW,Joined WAS — depth role,2,True,Team changed: SF (2024 depth #10) → WAS (2025 depth #6)
Michael Strachan,Mike Strachan,WR,TRADED,WAS,CAR,WAS,2026-09-05,LOW,Joined WAS — depth role,2,True,Team changed: CAR (2024 depth #3) → WAS (2025 depth #8)
Ramel Keyton,Ramel Keyton,WR,TRADED,TEN,LV,TEN,2026-09-05,LOW,Joined TEN — depth role,2,True,Team changed: LV (2024 depth #9) → TEN (2025 depth #8)
Harrison Bryant,Harrison Bryant,TE,TRADED,PHI,LV,PHI,2026-09-05,LOW,Joined PHI — depth role,2,True,Team changed: LV (2024 depth #3) → PHI (2025 depth #4)
Ross Dwelley,Ross Dwelley,TE,TRADED,SF,ATL,SF,2026-09-05,LOW,Joined SF — depth role,2,True,Team changed: ATL (2024 depth #3) → SF (2025 depth #4)
Carter Bradley,Carter Bradley,QB,TRADED,SF,LV,SF,2026-09-05,LOW,Joined SF — depth role,2,True,Team changed: LV (2024 depth #4) → SF (2025 depth #5)
Cameron Latu,Cameron Latu,TE,TRADED,PHI,SF,PHI,2026-09-05,LOW,Joined PHI — depth role,2,True,Team changed: SF (2024 depth #4) → PHI (2025 depth #7)
Elijah Cooks,Elijah Cooks,WR,TRADED,PHI,JAX,PHI,2026-09-05,LOW,Joined PHI — depth role,2,True,Team changed: JAX (2024 depth #4) → PHI (2025 depth #4)
Jahan Dotson,Jahan Dotson,WR,TRADED,PHI,WAS,PHI,2026-09-05,LOW,Joined PHI — depth role,2,True,Team changed: WAS (2024 depth #6) → PHI (2025 depth #6)
Terrace Marshall,Terrace Marshall,WR,TRADED,PHI,CAR,PHI,2026-09-05,LOW,Joined PHI — depth role,2,True,Team changed: CAR (2024 depth #2) → PHI (2025 depth #7)
Avery Williams,Avery Williams,WR,TRADED,PHI,ATL,PHI,2026-09-05,LOW,Joined PHI — depth role,2,True,Team changed: ATL (2024 depth #4) → PHI (2025 depth #11)
Skylar Thompson,Skylar Thompson,QB,TRADED,PIT,MIA,PIT,2026-09-05,LOW,Joined PIT — depth role,2,True,Team changed: MIA (2024 depth #3) → PIT (2025 depth #4)
Kenneth Gainwell,Kenneth Gainwell,RB,TRADED,PIT,PHI,PIT,2026-09-05,LOW,Joined PIT — depth role,2,True,Team changed: PHI (2024 depth #3) → PIT (2025 depth #3)
Trey Sermon,Trey Sermon,RB,TRADED,PIT,IND,PIT,2026-09-05,LOW,Joined PIT — depth role,2,True,Team changed: IND (2024 depth #2) → PIT (2025 depth #4)
Ameer Abdullah,Ameer Abdullah,RB,TRADED,SF,LV,SF,2026-09-05,LOW,Joined SF — depth role,2,True,Team changed: LV (2024 depth #3) → SF (2025 depth #5)
Evan Hull,Evan Hull,RB,TRADED,PIT,IND,PIT,2026-09-05,LOW,Joined PIT — depth role,2,True,Team changed: IND (2024 depth #3) → PIT (2025 depth #6)
Kevin Foelsch,Kevin Foelsch,TE,TRADED,PIT,NYJ,PIT,2026-09-05,LOW,Joined PIT — depth role,2,True,Team changed: NYJ (2024 depth #7) → PIT (2025 depth #6)
Brandon Johnson,Brandon Johnson,WR,TRADED,PIT,DEN,PIT,2026-09-05,LOW,Joined PIT — depth role,2,True,Team changed: DEN (2024 depth #3) → PIT (2025 depth #7)
Ben Skowronek,Ben Skowronek,WR,TRADED,PIT,HOU,PIT,2026-09-05,LOW,Joined PIT — depth role,2,True,Team changed: HOU (2024 depth #11) → PIT (2025 depth #8)
Lance McCutcheon,Lance Mccutcheon,WR,TRADED,PIT,NYJ,PIT,2026-09-05,LOW,Joined PIT — depth role,2,True,Team changed: NYJ (2024 depth #5) → PIT (2025 depth #9)
Eric Saubert,Eric Saubert,TE,TRADED,SEA,SF,SEA,2026-09-05,LOW,Joined SEA — depth role,2,True,Team changed: SF (2024 depth #6) → SEA (2025 depth #3)
Marquez Valdes-Scantling,Marquez Valdes-Scantling,WR,TRADED,SEA,BUF,SEA,2026-09-05,LOW,Joined SEA — depth role,2,True,Team changed: BUF (2024 depth #10) → SEA (2025 depth #5)
Steven Sims,Steven Sims,WR,TRADED,SEA,HOU,SEA,2026-09-05,LOW,Joined SEA — depth role,2,True,Team changed: HOU (2024 depth #8) → SEA (2025 depth #11)
John Rhys Plumlee,John Rhys Plumlee,WR,TRADED,SEA,PIT,SEA,2026-09-05,LOW,Joined SEA — depth role,2,True,Team changed: PIT (2024 depth #4) → SEA (2025 depth #12)
Lew Nichols,Lew Nichols,RB,TRADED,PIT,PHI,PIT,2026-09-05,LOW,Joined PIT — depth role,2,True,Team changed: PHI (2024 depth #6) → PIT (2025 depth #7)
Nick Westbrook-Ikhine,Nick Westbrook-Ikhine,WR,TRADED,MIA,TEN,MIA,2026-09-05,LOW,Joined MIA — depth role,2,True,Team changed: TEN (2024 depth #3) → MIA (2025 depth #7)
Jason Brownlee,Jason Brownlee,WR,TRADED,KC,NYJ,KC,2026-09-05,LOW,Joined KC — depth role,2,True,Team changed: NYJ (2024 depth #3) → KC (2025 depth #3)
Alexander Mattison,Alexander Mattison,RB,TRADED,MIA,LV,MIA,2026-09-05,LOW,Joined MIA — depth role,2,True,Team changed: LV (2024 depth #2) → MIA (2025 depth #3)
Devin Duvernay,Devin Duvernay,WR,TRADED,CHI,JAX,CHI,2026-09-05,LOW,Joined CHI — depth role,2,True,Team changed: JAX (2024 depth #3) → CHI (2025 depth #3)
Miles Boykin,Miles Boykin,WR,TRADED,CHI,NYG,CHI,2026-09-05,LOW,Joined CHI — depth role,2,True,Team changed: NYG (2024 depth #8) → CHI (2025 depth #4)
Samori Toure,Samori Toure,WR,TRADED,CHI,GB,CHI,2026-09-05,LOW,Joined CHI — depth role,2,True,Team changed: GB (2024 depth #11) → CHI (2025 depth #7)
Olamide Zaccheaus,Olamide Zaccheaus,WR,TRADED,CHI,WAS,CHI,2026-09-05,LOW,Joined CHI — depth role,2,True,Team changed: WAS (2024 depth #10) → CHI (2025 depth #9)
Maurice Alexander,Maurice Alexander,WR,TRADED,CHI,DET,CHI,2026-09-05,LOW,Joined CHI — depth role,2,True,Team changed: DET (2024 depth #8) → CHI (2025 depth #11)
Desmond Ridder,Desmond Ridder,QB,TRADED,CIN,ARZ,CIN,2026-09-05,LOW,Joined CIN — depth role,2,True,Team changed: ARZ (2024 depth #2) → CIN (2025 depth #3)
Kendall Milton,Kendall Milton,RB,TRADED,CIN,PHI,CIN,2026-09-05,LOW,Joined CIN — depth role,2,True,Team changed: PHI (2024 depth #5) → CIN (2025 depth #4)
Isaiah Williams,Isaiah Williams,WR,TRADED,CIN,DET,CIN,2026-09-05,LOW,Joined CIN — depth role,2,True,Team changed: DET (2024 depth #11) → CIN (2025 depth #6)
Mitch Tinsley,Mitchell Tinsley,WR,TRADED,CIN,WAS,CIN,2026-09-05,LOW,Joined CIN — depth role,2,True,Team changed: WAS (2024 depth #3) → CIN (2025 depth #11)
Troy Hairston,Troy Hairston,RB,TRADED,CLE,HOU,CLE,2026-09-05,LOW,Joined CLE — depth role,2,True,Team changed: HOU (2024 depth #9) → CLE (2025 depth #7)
Blake Whiteheart,Blake Whiteheart,TE,TRADED,CLE,ARZ,CLE,2026-09-05,LOW,Joined CLE — depth role,2,True,Team changed: ARZ (2024 depth #5) → CLE (2025 depth #3)
Brenden Bates,Brenden Bates,TE,TRADED,CLE,CHI,CLE,2026-09-05,LOW,Joined CLE — depth role,2,True,Team changed: CHI (2024 depth #6) → CLE (2025 depth #4)
Sal Cannella,Sal Cannella,TE,TRADED,CLE,TB,CLE,2026-09-05,LOW,Joined CLE — depth role,2,True,Team changed: TB (2024 depth #7) → CLE (2025 depth #5)
Kaden Davis,Kaden Davis,WR,TRADED,CLE,DET,CLE,2026-09-05,LOW,Joined CLE — depth role,2,True,Team changed: DET (2024 depth #9) → CLE (2025 depth #4)
Diontae Johnson,Diontae Johnson,WR,TRADED,CLE,CAR,CLE,2026-09-05,LOW,Joined CLE — depth role,2,True,Team changed: CAR (2024 depth #1) → CLE (2025 depth #10)
Bo Melton,Bo Melton,WR,RELEASED,GB,GB,,2026-09-05,LOW,Depth player departed,0,True,Not in 2025 depth chart (was 2024 depth #10 on GB)
Will Grier,Will Grier,QB,TRADED,DAL,PHI,DAL,2026-09-05,LOW,Joined DAL — depth role,2,True,Team changed: PHI (2024 depth #4) → DAL (2025 depth #3)
Deebo Samuel,Deebo Samuel,WR,TRADED,WAS,SF,WAS,2026-09-05,LOW,Joined WAS — depth role,2,True,Team changed: SF (2024 depth #2) → WAS (2025 depth #10)
Joel Wilson,Joel Wilson,TE,TRADED,CHI,GB,CHI,2026-09-05,LOW,Joined CHI — depth role,2,True,Team changed: GB (2024 depth #5) → CHI (2025 depth #5)
Jonathan Mingo,Jonathan Mingo,WR,TRADED,DAL,CAR,DAL,2026-09-05,LOW,Joined DAL — depth role,2,True,Team changed: CAR (2024 depth #6) → DAL (2025 depth #7)
Durham Smythe,Durham Smythe,TE,TRADED,CHI,MIA,CHI,2026-09-05,LOW,Joined CHI — depth role,2,True,Team changed: MIA (2024 depth #2) → CHI (2025 depth #3)
Brycen Tremayne,Brycen Tremayne,WR,TRADED,CAR,WAS,CAR,2026-09-05,LOW,Joined CAR — depth role,2,True,Team changed: WAS (2024 depth #7) → CAR (2025 depth #7)
Anthony Firkser,Anthony Firkser,TE,RELEASED,NYJ,NYJ,,2026-09-05,LOW,Depth player departed,0,True,Not in 2025 depth chart (was 2024 depth #6 on NYJ)
Josiah Deguara,Josiah Deguara,TE,TRADED,ARZ,JAX,ARZ,2026-09-05,LOW,Joined ARZ — depth role,2,True,Team changed: JAX (2024 depth #4) → ARZ (2025 depth #4)
Trishton Jackson,Trishton Jackson,WR,TRADED,ARZ,MIN,ARZ,2026-09-05,LOW,Joined ARZ — depth role,2,True,Team changed: MIN (2024 depth #3) → ARZ (2025 depth #4)
Quez Watkins,Quez Watkins,WR,TRADED,ARZ,PIT,ARZ,2026-09-05,LOW,Joined ARZ — depth role,2,True,Team changed: PIT (2024 depth #9) → ARZ (2025 depth #11)
Emory Jones,Emory Jones,QB,TRADED,ATL,BAL,ATL,2026-09-05,LOW,Joined ATL — depth role,2,True,Team changed: BAL (2024 depth #4) → ATL (2025 depth #4)
Jashaun Corbin,Jashaun Corbin,RB,TRADED,ATL,NYG,ATL,2026-09-05,LOW,Joined ATL — depth role,2,True,Team changed: NYG (2024 depth #4) → ATL (2025 depth #6)
Teagan Quitoriano,Teagan Quitoriano,TE,TRADED,ATL,HOU,ATL,2026-09-05,LOW,Joined ATL — depth role,2,True,Team changed: HOU (2024 depth #4) → ATL (2025 depth #3)
Feleipe Franks,Feleipe Franks,TE,TRADED,ATL,CAR,ATL,2026-09-05,LOW,Joined ATL — depth role,2,True,Team changed: CAR (2024 depth #6) → ATL (2025 depth #4)
David Sills,David Sills,WR,TRADED,ATL,DEN,ATL,2026-09-05,LOW,Joined ATL — depth role,2,True,Team changed: DEN (2024 depth #8) → ATL (2025 depth #5)
Zaire Mitchell-Paden,Zaire Mitchell-Paden,TE,TRADED,BAL,CLE,BAL,2026-09-05,LOW,Joined BAL — depth role,2,True,Team changed: CLE (2024 depth #4) → BAL (2025 depth #4)
Mike White,Mike White,QB,TRADED,BUF,MIA,BUF,2026-09-05,LOW,Joined BUF — depth role,2,True,Team changed: MIA (2024 depth #2) → BUF (2025 depth #3)
Matt Sokol,Matt Sokol,TE,TRADED,BUF,PIT,BUF,2026-09-05,LOW,Joined BUF — depth role,2,True,Team changed: PIT (2024 depth #6) → BUF (2025 depth #6)
Laviska Shenault,Laviska Shenault,WR,TRADED,BUF,SEA,BUF,2026-09-05,LOW,Joined BUF — depth role,2,True,Team changed: SEA (2024 depth #8) → BUF (2025 depth #5)
Elijah Moore,Elijah Moore,WR,TRADED,BUF,CLE,BUF,2026-09-05,LOW,Joined BUF — depth role,2,True,Team changed: CLE (2024 depth #6) → BUF (2025 depth #9)
Kristian Wilkerson,Kristian Wilkerson,WR,TRADED,BUF,LV,BUF,2026-09-05,LOW,Joined BUF — depth role,2,True,Team changed: LV (2024 depth #3) → BUF (2025 depth #11)
Jalen Virgil,Jalen Virgil,WR,TRADED,BUF,DEN,BUF,2026-09-05,LOW,Joined BUF — depth role,2,True,Team changed: DEN (2024 depth #7) → BUF (2025 depth #13)
Emani Bailey,Emani Bailey,RB,TRADED,CAR,KC,CAR,2026-09-05,LOW,Joined CAR — depth role,2,True,Team changed: KC (2024 depth #5) → CAR (2025 depth #5)
James Mitchell,James Mitchell,TE,TRADED,CAR,DET,CAR,2026-09-05,LOW,Joined CAR — depth role,2,True,Team changed: DET (2024 depth #3) → CAR (2025 depth #6)
Tyler Mabry,Tyler Mabry,TE,TRADED,CAR,SEA,CAR,2026-09-05,LOW,Joined CAR — depth role,2,True,Team changed: SEA (2024 depth #5) → CAR (2025 depth #7)
Case Keenum,Case Keenum,QB,TRADED,CHI,HOU,CHI,2026-09-05,LOW,Joined CHI — depth role,2,True,Team changed: HOU (2024 depth #3) → CHI (2025 depth #3)
Parris Campbell,Parris Campbell,WR,TRADED,DAL,PHI,DAL,2026-09-05,LOW,Joined DAL — depth role,2,True,Team changed: PHI (2024 depth #9) → DAL (2025 depth #8)
Sam Ehlinger,Sam Ehlinger,QB,TRADED,DEN,IND,DEN,2026-09-05,LOW,Joined DEN — depth role,2,True,Team changed: IND (2024 depth #3) → DEN (2025 depth #3)
A.T. Perry,A.T. Perry,WR,TRADED,DEN,NO,DEN,2026-09-05,LOW,Joined DEN — depth role,2,True,Team changed: NO (2024 depth #2) → DEN (2025 depth #3)
Quintin Morris,Quintin Morris,TE,TRADED,JAX,BUF,JAX,2026-09-05,LOW,Joined JAX — depth role,2,True,Team changed: BUF (2024 depth #3) → JAX (2025 depth #4)
Louis Rees-Zammit,Louis Rees-Zammit,WR,TRADED,JAX,KC,JAX,2026-09-05,LOW,Joined JAX — depth role,2,True,Team changed: KC (2024 depth #4) → JAX (2025 depth #7)
Dyami Brown,Dyami Brown,WR,TRADED,JAX,WAS,JAX,2026-09-05,LOW,Joined JAX — depth role,2,True,Team changed: WAS (2024 depth #2) → JAX (2025 depth #8)
Trenton Irwin,Trenton Irwin,WR,TRADED,JAX,CIN,JAX,2026-09-05,LOW,Joined JAX — depth role,2,True,Team changed: CIN (2024 depth #3) → JAX (2025 depth #10)
Bailey Zappe,Bailey Zappe,QB,TRADED,KC,NE,KC,2026-09-05,LOW,Joined KC — depth role,2,True,Team changed: NE (2024 depth #4) → KC (2025 depth #3)
Elijah Mitchell,Elijah Mitchell,RB,TRADED,KC,SF,KC,2026-09-05,LOW,Joined KC — depth role,2,True,Team changed: SF (2024 depth #2) → KC (2025 depth #3)
Robert Tonyan,Robert Tonyan,TE,TRADED,KC,MIN,KC,2026-09-05,LOW,Joined KC — depth role,2,True,Team changed: MIN (2024 depth #6) → KC (2025 depth #4)
Britain Covey,Britain Covey,WR,RELEASED,PHI,PHI,,2026-09-05,LOW,Depth player departed,0,True,Not in 2025 depth chart (was 2024 depth #10 on PHI)
Tyquan Thornton,Tyquan Thornton,WR,TRADED,KC,NE,KC,2026-09-05,LOW,Joined KC — depth role,2,True,Team changed: NE (2024 depth #7) → KC (2025 depth #8)
JuJu Smith-Schuster,Juju Smith-Schuster,WR,TRADED,KC,NE,KC,2026-09-05,LOW,Joined KC — depth role,2,True,Team changed: NE (2024 depth #11) → KC (2025 depth #11)
Kwamie Lassiter,Kwamie Lassiter Ii,WR,TRADED,KC,CIN,KC,2026-09-05,LOW,Joined KC — depth role,2,True,Team changed: CIN (2024 depth #11) → KC (2025 depth #14)
Chris Collier,Chris Collier,RB,TRADED,LV,BAL,LV,2026-09-05,LOW,Joined LV — depth role,2,True,Team changed: BAL (2024 depth #6) → LV (2025 depth #6)
Ian Thomas,Ian Thomas,TE,TRADED,LV,CAR,LV,2026-09-05,LOW,Joined LV — depth role,2,True,Team changed: CAR (2024 depth #1) → LV (2025 depth #3)
Qadir Ismail,Qadir Ismail,TE,TRADED,LV,BAL,LV,2026-09-05,LOW,Joined LV — depth role,2,True,Team changed: BAL (2024 depth #6) → LV (2025 depth #4)
Justin Shorter,Justin Shorter,TE,TRADED,LV,BUF,LV,2026-09-05,LOW,Joined LV — depth role,2,True,Team changed: BUF (2024 depth #7) → LV (2025 depth #6)
Shedrick Jackson,Shedrick Jackson,WR,TRADED,LV,CIN,LV,2026-09-05,LOW,Joined LV — depth role,2,True,Team changed: CIN (2024 depth #7) → LV (2025 depth #3)
Phillip Dorsett,Phillip Dorsett,WR,TRADED,LV,DEN,LV,2026-09-05,LOW,Joined LV — depth role,2,True,Team changed: DEN (2024 depth #4) → LV (2025 depth #4)
Seth Williams,Seth Williams,WR,TRADED,LV,JAX,LV,2026-09-05,LOW,Joined LV — depth role,2,True,Team changed: JAX (2024 depth #9) → LV (2025 depth #8)
Kyle Philips,Kyle Philips,WR,TRADED,LV,TEN,LV,2026-09-05,LOW,Joined LV — depth role,2,True,Team changed: TEN (2024 depth #11) → LV (2025 depth #12)
John Wolford,John Wolford,QB,TRADED,JAX,TB,JAX,2026-09-05,LOW,Joined JAX — depth role,2,True,Team changed: TB (2024 depth #3) → JAX (2025 depth #3)
Sean McKeon,Sean Mckeon,TE,TRADED,IND,DET,IND,2026-09-05,LOW,Joined IND — depth role,2,True,Team changed: DET (2024 depth #6) → IND (2025 depth #5)
Salvon Ahmed,Salvon Ahmed,RB,TRADED,IND,MIA,IND,2026-09-05,LOW,Joined IND — depth role,2,True,Team changed: MIA (2024 depth #5) → IND (2025 depth #5)
Khalil Herbert,Khalil Herbert,RB,TRADED,IND,CHI,IND,2026-09-05,LOW,Joined IND — depth role,2,True,Team changed: CHI (2024 depth #2) → IND (2025 depth #3)
Trent Sherfield,Trent Sherfield,WR,TRADED,DEN,MIN,DEN,2026-09-05,LOW,Joined DEN — depth role,2,True,Team changed: MIN (2024 depth #10) → DEN (2025 depth #9)
Kyle Allen,Kyle Allen,QB,TRADED,DET,PIT,DET,2026-09-05,LOW,Joined DET — depth role,2,True,Team changed: PIT (2024 depth #3) → DET (2025 depth #3)
Jabari Small,Jabari Small,RB,TRADED,DET,TEN,DET,2026-09-05,LOW,Joined DET — depth role,2,True,Team changed: TEN (2024 depth #5) → DET (2025 depth #5)
Jacob Saylors,Jacob Saylors,RB,TRADED,DET,NYG,DET,2026-09-05,LOW,Joined DET — depth role,2,True,Team changed: NYG (2024 depth #6) → DET (2025 depth #7)
Kenny Yeboah,Kenny Yeboah,TE,TRADED,DET,NYJ,DET,2026-09-05,LOW,Joined DET — depth role,2,True,Team changed: NYJ (2024 depth #3) → DET (2025 depth #4)
Tim Patrick,Tim Patrick,WR,TRADED,DET,DEN,DET,2026-09-05,LOW,Joined DET — depth role,2,True,Team changed: DEN (2024 depth #2) → DET (2025 depth #3)
Malik Taylor,Malik Taylor,WR,TRADED,DET,NYJ,DET,2026-09-05,LOW,Joined DET — depth role,2,True,Team changed: NYJ (2024 depth #7) → DET (2025 depth #6)
Ronnie Bell,Ronnie Bell,WR,TRADED,DET,SF,DET,2026-09-05,LOW,Joined DET — depth role,2,True,Team changed: SF (2024 depth #4) → DET (2025 depth #8)
Chris Brooks,Chris Brooks,RB,TRADED,GB,MIA,GB,2026-09-05,LOW,Joined GB — depth role,2,True,Team changed: MIA (2024 depth #6) → GB (2025 depth #4)
Tarik Black,Tarik Black,WR,TRADED,MIA,PIT,MIA,2026-09-05,LOW,Joined MIA — depth role,2,True,Team changed: PIT (2024 depth #5) → MIA (2025 depth #5)
Israel Abanikanda,Israel Abanikanda,RB,TRADED,GB,NYJ,GB,2026-09-05,LOW,Joined GB — depth role,2,True,Team changed: NYJ (2024 depth #4) → GB (2025 depth #7)
Mecole Hardman,Mecole Hardman,WR,TRADED,GB,KC,GB,2026-09-05,LOW,Joined GB — depth role,2,True,Team changed: KC (2024 depth #12) → GB (2025 depth #11)
Kedon Slovis,Kedon Slovis,QB,TRADED,HOU,IND,HOU,2026-09-05,LOW,Joined HOU — depth role,2,True,Team changed: IND (2024 depth #4) → HOU (2025 depth #4)
Irv Smith,Irv Smith,TE,TRADED,HOU,KC,HOU,2026-09-05,LOW,Joined HOU — depth role,2,True,Team changed: KC (2024 depth #4) → HOU (2025 depth #5)
Stefon Diggs,Stefon Diggs,WR,TRADED,NE,HOU,NE,2026-09-05,LOW,Joined NE — depth role,2,True,Team changed: HOU (2024 depth #2) → NE (2025 depth #5)
Xavier Johnson,Xavier Johnson,WR,TRADED,HOU,BUF,HOU,2026-09-05,LOW,Joined HOU — depth role,2,True,Team changed: BUF (2024 depth #4) → HOU (2025 depth #6)
Justin Watson,Justin Watson,WR,TRADED,HOU,KC,HOU,2026-09-05,LOW,Joined HOU — depth role,2,True,Team changed: KC (2024 depth #8) → HOU (2025 depth #9)
Christian Kirk,Christian Kirk,WR,TRADED,HOU,JAX,HOU,2026-09-05,LOW,Joined HOU — depth role,2,True,Team changed: JAX (2024 depth #1) → HOU (2025 depth #11)
Braxton Berrios,Braxton Berrios,WR,TRADED,HOU,MIA,HOU,2026-09-05,LOW,Joined HOU — depth role,2,True,Team changed: MIA (2024 depth #10) → HOU (2025 depth #13)
Zonovan Knight,Zonovan Knight,RB,RELEASED,DET,DET,,2026-09-05,LOW,Depth player departed,0,True,Not in 2025 depth chart (was 2024 depth #6 on DET)
John FitzPatrick,John Fitzpatrick,TE,TRADED,GB,ATL,GB,2026-09-05,LOW,Joined GB — depth role,2,True,Team changed: ATL (2024 depth #4) → GB (2025 depth #4)
K.J. Osborn,K.J. Osborn,WR,TRADED,WAS,NE,WAS,2026-09-05,LOW,Joined WAS — depth role,2,True,Team changed: NE (2024 depth #2) → WAS (2025 depth #12)
